"reserve","station","datetime_collected","month","season","method","extracted","sensor_rfu","temp","turb","fdom_qsu","rfu_temp_corrected","response","preds_ols","preds_nofdom_ols","preds_rfu","preds_rfu_season","preds_rfu_reserve","preds_rfu_season_res","preds_tc_rfu_season","preds_tc_rfu_reserve","preds_tc_rfu_season_res","rownum"
"HEE","heekkwq",2021-02-10 13:30:00,"2","Winter","tank",0.23,0.0903370786516856,25.5355820224719,1.81487640449438,0.527505617977529,0.0967411793892632,0.479583152331272,0.729056509510003,0.31330657115722,4.89882293767258,3.92285632519777,0.502384003150937,0.27470240954136,3.98049157976448,0.493144149244182,0.358863738805176,1
"HEE","heekkwq",2021-05-10 10:30:00,"5","Spring","tank",0.31,1.150373998,25.77461888,1.209278718,17.38341941,1.23570811777832,0.556776436283002,1.60788712782559,1.60183662573413,6.88976915024299,6.59932524525039,1.37133782666934,1.01976627128541,6.73184042956423,1.43132514285234,1.12369498516613,2
"HEE","heekkwq",2021-05-10 07:30:00,"5","Spring","tank",0.33,0.4395212038,23.59914637,1.820492476,20.45065663,0.459289512988159,0.574456264653803,0.609291975675757,0.812423692272344,5.51724884251021,5.35502766466375,0.74142331577952,0.512962871765929,5.28685326122628,0.738796742589957,0.54482768437185,3
"HEE","heekkwq",2021-02-10 11:30:00,"2","Winter","tank",0.35,0.118025974025974,23.7007376623377,0.82012987012987,1.75225974025974,0.12349119570777,0.591607978309962,0.466543773049274,0.259295506961805,4.9465201064224,3.96227307303767,0.519646105422995,0.286821955555203,4.0211866317171,0.50957847227002,0.372275111501794,4
"HEE","heekkwq",2021-02-10 09:30:00,"2","Winter","tank",0.43,0.137894736842105,21.725811505508,1.26104039167687,5.61876376988983,0.140800642315337,0.6557438524302,0.426795779927162,0.36944271774164,4.98088863542745,3.99067883307458,0.532212580482978,0.295679811371177,4.04762994931194,0.520356370017029,0.381084473098578,5
"HEE","heekkwq",2021-02-10 15:30:00,"2","Winter","tank",0.43,0.176685606060607,24.3376382575758,1.80456439393938,3.6854734848485,0.186352149905357,0.6557438524302,0.693627531760176,0.405433395356637,5.04833110236628,4.04642935137453,0.557179490442299,0.313361710262707,4.11763223994023,0.549258427085799,0.40475942618341,6
"HEE","heekkwq",2021-08-09 16:00:00,"8","Summer","tank",0.4365,0.2149485597,27.99739918,0.4231069959,3.393580247,0.237679881086356,0.660681466366357,0.635499071267734,0.824018726677055,5.1153000385594,7.12807111616202,0.582367261460645,1.03794977256198,6.63023207289752,0.582761409223924,0.898598015318187,7
"HEE","heekkwq",2021-09-08 15:30:00,"9","Fall","tank",0.4365,0.216934189406099,26.819,0.68,5.4,0.23619501529226,0.660681466366357,0.590877504700145,0.614813019935858,5.11878738934611,2.33359583797373,0.583689560696498,0.89882189681524,2.27462857809127,0.581778267213048,0.821559090799785,8
"HEE","heekkwq",2021-08-09 09:00:00,"8","Summer","tank",0.442,0.1672265625,26.35416016,0.9533007813,12.6325,0.180978662389612,0.664830805543786,0.433786621947718,0.92672831495578,5.03184363577625,7.03701730765708,0.551038620797815,0.998173721853934,6.51965173030885,0.545808356712363,0.854579176112321,9
"HEE","heekkwq",2021-09-08 09:30:00,"9","Fall","tank",0.442,0.173374125874126,26.887,0.85,10.32,0.188934687565135,0.664830805543786,0.481090432616594,0.59480937085087,5.04255600069112,2.2861319761415,0.555025785865152,0.865029323613149,2.22073959608638,0.550920423685507,0.786420960659075,10
"HEE","heekkwq",2021-04-13 09:00:00,"4","Spring","tank",0.5,0.30934693877551,24.7058,1.54204081632653,11.2929591836735,0.327793584261952,0.707106781186548,0.640819634082097,0.597999364839649,5.28240606047507,5.14123536229681,0.646889254926546,0.438833745802531,5.05939281635201,0.643980093553203,0.467313484963331,11
"HEE","heekkwq",2021-09-22 07:30:00,"9","Fall","tank",0.51,0.203543441226576,23.4737597955707,0.978994889267462,8.28867120954004,0.212365442545957,0.714142842854285,0.452795131400301,0.75840264548029,5.09529230574191,2.31895311372306,0.574801241540779,0.88836483531004,2.24737596189579,0.566114051102104,0.803745778972224,12
"HEE","heekkwq",2021-08-09 12:00:00,"8","Summer","tank",0.515,0.5687209302,28.31504651,0.7729900332,9.84551495,0.631517120766039,0.717635004720366,1.00918622319493,1.39274818014584,5.75538363673265,7.82132286148181,0.84162203177389,1.35705084552268,7.42396586390798,0.872829329443864,1.23484933714997,13
"HEE","heekkwq",2021-09-08 12:30:00,"9","Fall","tank",0.515,0.216611570247934,27.257,0.83,11.5,0.237196473902422,0.717635004720366,0.508493126269593,0.625625513936822,5.11822069419776,2.33324251356942,0.583474615460174,0.898569238752127,2.27577748938163,0.582441250179446,0.822311985756898,14
"HEE","heekkwq",2021-08-09 07:00:00,"8","Summer","tank",0.52,0.2545517241,24.47064414,1.189682759,15.88096552,0.268929511294032,0.721110255092798,0.439637831057586,1.16653233803747,5.18507937354835,7.20407856088678,0.609023664704774,1.07154885764722,6.69157347457785,0.603644591224893,0.923330517971697,15
"HEE","heekkwq",2021-04-13 13:20:00,"4","Spring","tank",0.57,0.152380952380953,26.8401043956044,0.743846153846155,9.05655677655679,0.165955925581223,0.754983443527075,0.466095148650577,0.300625561536751,5.00602155775973,4.88923335700181,0.541469370920997,0.357137552704641,4.78631296438798,0.53622061806816,0.380074504517602,16
"HEE","heekkwq",2021-09-22 15:00:00,"9","Fall","tank",0.585,0.236720741599073,26.7695075318656,0.758261877172653,2.93122827346466,0.257572362689888,0.764852927038918,0.678529225311852,0.65026112895081,5.15360332605274,2.35531670361482,0.596948026702373,0.914385551434707,2.29921647531569,0.596012428762038,0.837705427516094,17
"HEE","heekkwq",2021-09-08 07:30:00,"9","Fall","tank",0.6,0.155540540540541,25.271,0.78,9.53,0.166004508118044,0.774596669241483,0.417757936514558,0.614747340043109,5.01151170100352,2.26684086148189,0.543498971223834,0.851381369621722,2.19482603045979,0.536251487251239,0.769649023485195,18
"HEE_w2","heew2wq",2020-11-12 09:30:00,"11","Fall","tank",0.61,0.511970802919707,23.9306919708029,9.68199999999999,72.2472992700729,0.537223483607362,0.781024967590665,0.635911270113412,0.702363222598625,5.65016488966393,2.66791053718931,0.760628313646005,0.758883557166243,2.63304140261306,0.759146788719006,0.757748821030732,19
"HEE","heekkwq",2021-04-13 11:30:00,"4","Spring","tank",0.64,0.185755693581781,26.3434285714286,1.20175983436853,13.274099378882,0.201003644024397,0.8,0.479168974812388,0.394439985296793,5.06416593094486,4.94228498625563,0.563099805442794,0.373804375799763,4.84480875342368,0.558720704827114,0.398203138714722,20
"HEE","heekkwq",2021-09-22 09:00:00,"9","Fall","tank",0.655,0.255085910652921,25.7957800687285,0.875481099656357,16.3025945017182,0.274082549647882,0.809320702811932,0.420264467604248,0.720853329854828,5.18602382197329,2.37556727059899,0.6093872962432,0.928950720756089,2.3182967030975,0.6071235185706,0.850283127856266,21
"HEE","heekkwq",2021-04-13 15:45:00,"4","Spring","tank",0.67,0.164841628959276,25.6764411764706,0.371515837104072,1.44938914027149,0.176846458440965,0.818535277187245,0.514952013254279,0.292354314103811,5.02769086430566,4.90900703925258,0.549495678573908,0.363315756988033,4.80445157296347,0.543162651017646,0.385662468071883,22
"HEE_w2","heew2wq",2020-11-12 06:50:00,"11","Fall","tank",0.69,0.454369369369369,23.257,10.68,73.69,0.47278404430535,0.830662386291807,0.765374048286726,0.85050984343318,5.54436039890287,2.60088316304589,0.717445915023395,0.717996486633879,2.55411320270192,0.711211259270224,0.711947258296662,23
"HEE_w2","heew2wq",2020-11-12 14:50:00,"11","Fall","tank",0.7,0.43,25.79,10.58,65.33,0.461988447774299,0.836660026534076,0.857251204477521,0.738811957866884,5.49989885643896,2.57278266746704,0.699556643612117,0.70103925636251,2.54100775221036,0.703333453902562,0.704413709564627,24
"HEE","heekkwq",2021-09-22 12:00:00,"9","Fall","tank",0.745,0.265715948777648,28.0779196740396,0.561303841676368,5.40415599534342,0.294129216488002,0.863133825081603,0.676796409208828,0.610234662704932,5.20483574529354,2.38732821291508,0.616645944304969,0.937433847980854,2.34156989656395,0.62075254066301,0.865680954143668,25
"PDB","pdbgswq",2021-02-04 10:45:00,"2","Winter","tank",0.75695574,0.245821206,7.87131,0.801917,5.7690644,0.214682909145123,0.870032033893006,1.67199892988864,1.07527474862226,5.16965589922805,4.14675037161079,1.97797280602141,1.29115819858024,4.16147287215859,2.11213383375988,1.65367298556914,26
"HEE","heekkwq",2021-03-12 13:30:00,"3","Spring","tank",0.9,0.308494077834179,25.2462436548223,0.750067681895093,3.08047377326565,0.32914397298886,0.948683298050514,0.678183846805357,0.466166599722749,5.28088428475462,5.13984902218447,0.646291147122436,0.438367140732771,5.0617032898661,0.644920727115288,0.468079298947842,27
"HEE_w2","heew2wq",2020-11-12 11:50:00,"11","Fall","tank",0.93,0.477608200455581,25.296722095672,9.60093394077449,67.5319817767655,0.509906624211645,0.964365076099296,0.663470211288979,0.628640783002413,5.58692602073191,2.62782219752699,0.734715653813018,0.734355800691001,2.59943588238322,0.738635315719379,0.738158510535909,28
"HEE","heekkwq",2021-03-12 09:00:00,"3","Spring","tank",0.95,1.49389210019268,24.1106801541425,1.32431599229287,20.2737572254335,1.57112604198479,0.974679434480896,1.98212735835415,2.27143785895042,7.60761983263316,7.24717271496054,1.74461685495795,1.32647338242472,7.41001728766073,1.80069612836949,1.437880406581,29
"PDB","pdbbywq",2021-02-04 12:03:00,"2","Winter","tank",1.0499156,0.451981481,6.83057,3.168963,12.861093,0.390484442658137,1.02465389278527,2.55360205459471,1.91504998302273,5.53999582283493,4.45319784291395,2.23892752816208,1.49193210539973,4.43870811560561,2.33964325562891,1.84645534235922,30
"SAP","sapnawq",2021-02-10 11:41:00,"2","Winter","tank",1.10128,1.09027624309392,14.7564585635359,14.1756906077348,50.7492817679558,1.02594356052243,1.04941888681308,6.60876551579851,6.59285765693386,6.76783817423382,5.47125744481104,4.81388281454191,4.27089239372258,5.5153681725843,4.13488303167399,3.92760877561566,31
"HEE","heekkwq",2021-03-12 11:30:00,"3","Spring","tank",1.15,0.459185803757829,25.345661795407,0.835949895615868,5.07983298538622,0.490544914855507,1.07238052947636,0.826961516026494,0.621037382635949,5.55316909417408,5.38770254842559,0.756264279369436,0.524663804663482,5.34165422601669,0.762291275305117,0.564126603406861,32
"PDB","pdbbywq",2021-03-03 09:07:00,"3","Spring","tank",1.160418,0.455951941,7.97837,0.7644,6.5007,0.398642007405242,1.07722699557707,1.86356563601597,1.48604283429716,5.54725396609254,5.38232230374109,2.24411193090183,1.61531018570555,5.18132436717524,2.3504826354609,1.82513935209063,33
"GTM","gtmpcwq",2021-01-11 09:45:00,"1","Winter","tank",1.23,1.62459677419355,6.27333870967741,2.8733870967742,63.0190322580646,1.39551845469792,1.10905365064094,2.16968972522777,1.81026564022769,7.89009464350374,6.40399553607716,1.85742091249321,1.31191439483995,6.19525668043278,2.43971412222596,2.05826880871137,34
"HEE","heekkwq",2021-05-10 14:30:00,"5","Spring","tank",1.25,0.1117346939,27.01292942,1.735807823,2.456028912,0.121963188614495,1.11803398874989,0.760840849278936,0.387541366442513,4.93566239710487,4.82500973593251,0.515698330727723,0.337352768657313,4.7133905184789,0.508632461355605,0.357916779821322,35
"PDB","pdbgswq",2021-03-03 10:30:00,"3","Spring","tank",1.29861739,0.434314815,8.80012,0.66687,5.5885741,0.383015329170358,1.13956894920843,1.88405183046308,1.40459548563919,5.5077581301516,5.3463933198304,2.2159320808863,1.59267236678254,5.15430574506917,2.3297406256969,1.80767491748811,36
"SAP","sapnawq",2021-04-29 19:15:00,"4","Spring","tank",1.3148,2.46295081967213,27.5071967213115,18.9873770491803,71.536393442623,2.70587393535027,1.14664728665793,11.1058285146715,10.5906700859042,9.82435042045943,9.23819094725877,7.79883328565673,7.19024981966078,9.94561235971781,7.63016051655177,7.1134620515602,37
"SAP","sapnawq",2021-07-22 13:20:00,"7","Summer","tank",1.42464,6.36081967213115,30.3384918032787,64.3996721311475,94.5232786885246,7.25818363918419,1.19358284169973,6.64647152766104,7.52250497842725,21.5996526639652,23.7459043626139,20.1815204349699,21.9664555261947,27.5073181426879,22.4418408756561,23.5836485881174,38
"SAP","sapnawq",2021-07-22 15:20:00,"7","Summer","tank",1.57944,8.42196721311475,30.095868852459,39.8845901639344,100.074754098361,9.57839927506399,1.25675773321671,10.320512675709,10.9945152260518,29.6772646756859,31.4927909165273,29.0649332731538,30.6716985410024,37.5412777054665,32.9924034680339,33.8527629951673,39
"GND","gndblwq",2021-06-11 07:41:00,"6","Summer","tank",1.73,1.63,27.06,6.2,42.85,1.78030846695159,1.31529464379659,8.99385992887105,7.68514313190018,7.90188275302389,10.0939852108063,7.94899795911789,8.13051908419961,9.99551172737528,8.08216036758641,8.20774776909261,40
"NIW","niwolwq",2021-04-03 16:00:00,"4","Spring","tank",1.95909,0.408755186721992,16.0674315352697,4.89817427385892,17.5264315352697,0.390395527623549,1.39967496226803,5.99865468412741,5.681730204646,5.46128405774085,5.30410594123686,8.54986416320201,7.89494490753961,5.1670573516308,8.28325913827178,7.73098962299875,41
"GRB","grbapwq",2021-06-07 14:00:00,"6","Summer","tank",2.02353,0.814166666666667,20.7080333333333,3.17,12.3575,0.821119205145118,1.42250834795442,4.73781407459436,4.36748967973677,6.22163526550383,8.32119760383835,4.8566050395695,5.30261357433623,7.82208511959227,4.84043087098977,5.16571530362641,42
"GRB","grbapwq",2021-06-07 10:30:00,"6","Summer","tank",2.06768078125,0.71,20.8204333333334,3.47033333333333,13.0316666666667,0.717035049685912,1.43794324688077,4.63081261143805,4.23725545252208,6.02154123218943,8.10716066192968,4.6584601825219,5.10630737127501,7.60224589606855,4.64377195546975,4.97140780874589,43
"SAP","sapnawq",2021-02-10 14:13:00,"2","Winter","tank",2.06936,0.855,16.1446444444445,12.2061111111111,95.7531666666666,0.817317581817472,1.43852702442464,4.28248779019347,5.39616074671186,6.30096440105253,5.08381464077908,4.37420166763606,3.87866233781624,5.14901448095327,3.77497446721147,3.59223261782685,44
"HEE","heekkwq",2021-03-12 15:30:00,"3","Spring","tank",2.16,0.706649484536082,24.742918814433,1.20895618556701,7.49436855670106,0.749140017086877,1.46969384566991,1.12459386947593,0.98497703502733,6.01515950608429,5.80738517297887,0.955596525673745,0.683189264704391,5.80589600422555,0.970784039815748,0.736683836895975,45
"SAP","sapnawq",2021-04-29 14:15:00,"4","Spring","tank",2.32053333333333,7.05180327868852,26.1765245901639,33.8350819672131,60.592131147541,7.61421281044056,1.52332968635596,13.4828604234413,11.6810508751651,24.164931329868,21.9438041948262,22.9795815248889,20.948081970202,25.2029332171878,23.9291625459073,22.1108122251974,46
"PDB","pdbbywq",2021-07-14 07:50:00,"7","Summer","tank",2.37155218,0.909317804,11.146,0.7838,7.2659,0.822255566046038,1.53998447394771,2.71250294755382,3.13865844206135,6.4072694327985,8.51914695026055,2.87551888506455,3.43567581421056,7.8245025529977,2.94778681971143,3.34275652958096,47
"NIW","niwolwq",2021-04-03 14:45:00,"4","Spring","tank",2.4738,0.462426778242678,14.9184811715481,3.71991631799163,13.8245606694561,0.4359357099618,1.57283184097983,5.43722241614638,5.34877682201272,5.55910039289289,5.39309732165148,8.68728272935704,8.02001850893279,5.2460908272561,8.39737616912294,7.83634748798942,48
"PDB","pdbgswq",2021-07-27 11:47:00,"7","Summer","tank",2.68137853,1.045051975,15.0001,0.5646,5.7423,0.986091365888913,1.63749153585599,3.39609305266238,3.17176934852247,6.67680148413663,8.80555109400063,3.07976234013842,3.64666052621735,8.17694689701981,3.1969144212446,3.59576649139111,49
"SAP","sapnawq",2021-04-29 20:15:00,"4","Spring","tank",2.69173333333333,4.08639344262295,25.9480163934426,19.8675409836066,48.0495081967213,4.39931904937313,1.64065027758305,15.4627872008916,13.1525094770485,14.172256316058,13.1145413903501,12.2540221782218,11.2361279541794,14.422255928974,12.2288075130291,11.3518274959456,50
"NIW","niwolwq",2021-04-03 13:30:00,"4","Spring","tank",2.77704,0.466853448275862,14.5755387931035,4.88625,15.2280172413793,0.438413794486553,1.66644531863485,5.99662084418274,5.92516277953109,5.56720674496446,5.40047010942409,8.69866550082415,8.03037807880852,5.25040866949137,8.40360828354703,7.84210102840488,51
"GTM","gtmpcwq",2021-09-13 09:03:00,"9","Fall","tank",2.86,4.22727520435967,8.60049863760217,3.64158038147141,195.148855585831,3.72013499923881,1.69115345252878,8.69575254238454,7.58971543610192,14.5870243798861,8.79248396142884,6.23912257309312,6.71890415931444,8.02640003106948,6.60740418589193,7.01206446140451,52
"SAP","sapnawq",2021-04-29 22:15:00,"4","Spring","tank",2.87066666666667,4.0327868852459,23.1280327868852,44.1283606557377,30.7080327868853,4.18950436191285,1.69430418363016,18.4152883274035,14.9115156193378,14.0160051693256,12.9757291462865,12.0909080999542,11.0881741314454,13.8225899153585,11.6004521162621,10.7731880249296,53
"PDB","pdbbywq",2021-08-11 10:45:00,"8","Summer","tank",2.98239626,0.936728281,13.4629,0.5526,6.4681,0.868809022214401,1.72696156876753,2.98084850891488,3.02118246554009,6.46125190619695,8.57660252264522,2.91619967129439,3.47777597569115,7.92385895933904,3.01754800682155,3.41370993958375,54
"HEE","heekkwq",2021-05-10 16:30:00,"5","Spring","tank",3.13,0.0954534005,26.35461335,1.010906801,4.325264484,0.103303744378791,1.76918060129541,0.532491482441373,0.30076953133049,4.90761896075869,4.79940338167351,0.50555171329882,0.329585895728109,4.6826296557405,0.497151035439294,0.348719592770547,55
"GRB","grbapwq",2021-09-15 07:30:00,"9","Fall","tank",3.16375953125,1.055667,17.3049,2.287833,48.47917,1.02270535328788,1.77869601991178,3.44604975527463,4.04500025481298,6.69811422125836,3.34258828422182,5.33185880816059,5.43326686913035,3.26629055443158,5.23291034366322,5.36141806289985,56
"SAP","sapnawq",2021-02-10 22:14:00,"2","Winter","tank",3.22472,1.61811111111111,14.4408111111111,8.36816666666666,52.5841111111111,1.51724383367152,1.79575053946811,4.7088688615643,5.21119745666323,7.87595662239702,6.39223390776982,5.87688846386727,5.21957076777172,6.42783757422855,5.04716887759169,4.77651317455711,57
"NIW","niwolwq",2021-04-04 15:15:00,"4","Spring","tank",3.5511,0.468493827160493,16.8943580246914,4.10254320987654,17.6165925925926,0.45171731734907,1.8844362552233,5.76951836050451,5.38233143291852,5.57021219326987,5.40320350191809,8.70288547549596,8.03421869398685,5.27361923975628,8.43710472167239,7.87302483152265,58
"GTM","gtmpcwq",2021-02-02 08:15:00,"2","Winter","tank",3.59,2.87030409356725,5.21979532163743,2.32085380116957,97.6065029239767,2.43917536752454,1.89472953214964,3.8562150817342,3.33232750083199,10.8406705543031,8.86351027759391,3.63317339511908,2.75537612917262,8.32852378091339,4.05920228947608,3.48714573764858,59
"LKS","lksbawq",2021-06-09 10:25:00,"6","Summer","tank",3.64,2.54842105263158,21.977,8.58210526315789,125.171578947368,2.61013060487366,1.90787840283389,13.5626385823758,16.607161110597,10.0334471431514,12.2943705454001,14.9969626870277,16.2255336644271,12.0905019163003,15.3500250107717,16.2881814405139,60
"NIW","niwolwq",2021-04-04 13:50:00,"4","Spring","tank",3.97005,0.512920353982302,16.1899056047198,4.84410029498524,19.1122713864307,0.490568237685296,1.99249843161795,6.13791205416968,5.87834269413601,5.65191743948989,5.47749520712758,8.81756459869671,8.13858359185499,5.34169522408352,8.53530737526573,7.9636814427373,61
"MAR","marscwq",2021-01-26 11:00:00,"1","Winter","tank",4.03922868333836,0.68,18.12,5.53,6.12,0.665048167022396,2.0097832428743,8.71183552588166,8.68030077237344,5.96452072143008,4.80485848542408,9.75764598297459,8.33835876578,4.88957198703796,9.39796940053889,8.59275095783263,62
"GTM","gtmpcwq",2021-02-05 09:00:00,"2","Winter","tank",4.08,2.90100977198697,4.25267589576547,2.17780130293161,85.3705537459281,2.44127535284867,2.01990098767242,3.61983099192713,3.32902797280157,10.9193063020439,8.92917177310142,3.68439712438958,2.7976431712026,8.33313381118447,4.06287428153871,3.49039837062585,63
"NIW","niwolwq",2021-02-20 15:38:00,"2","Winter","tank",4.24137,0.783698630136988,11.9049259259259,6.18767676767676,69.3662962962963,0.71452773367299,2.05945866673745,5.94417858845169,6.97411091369375,6.16277073970575,4.96920761476765,9.5327602853487,8.50774854726767,4.97314164416908,9.11248370660099,8.56209998749015,64
"GRB","grbapwq",2021-06-28 10:45:00,"6","Summer","tank",4.3803271875,1.0105,22.5230666666666,4.18033333333333,6.48133333333333,1.04193793883703,2.09292312030328,6.25779674033718,5.12119048138261,6.60766357209857,8.7321958898324,5.24128740850294,5.68267739041984,8.2988585730812,5.27115472151545,5.59028022334332,65
"GND","gndblwq",2021-06-11 10:33:00,"6","Summer","tank",4.39,1.679463722,28.05616088,6.404794953,56.6381388,1.85851511989406,2.0952326839757,8.40822869960221,7.88948474234814,8.01020575511031,10.2069688184762,8.07109012201081,8.24745173203722,10.1844533167364,8.27623031671136,8.3945960223868,66
"SAP","sapnawq",2021-04-29 10:15:00,"4","Spring","tank",4.41168,5.19403225806451,22.8954354838709,14.1756906077348,38.6174193548387,5.38032942329314,2.10039996191202,16.1760566822458,14.7830614009499,17.5946136768098,16.1480182107032,15.8689347409313,14.5126553930011,17.3950028817558,15.3866333933216,14.2581455546678,67
"NIW","niwolwq",2021-02-20 11:00:00,"2","Winter","tank",4.45683,1.5178527607362,9.72873312883436,7.10604294478527,118.70236196319,1.35180890716396,2.11112055553443,7.36097501559124,9.03199519068031,7.65901741394567,6.21179250990301,11.6121453200124,10.3687202481201,6.11278652774397,10.8581573119842,10.1782535486287,68
"NIW","niwolwq",2021-02-21 15:52:00,"2","Winter","tank",4.52865,0.836739811912226,10.632724137931,5.78689655172413,66.5559874608151,0.752450111886132,2.12806249908221,5.89147931000995,6.98203541185568,6.26542722404022,5.05433946965742,9.67612190953124,8.63603630604542,5.03767086071947,9.2120844963013,8.6543642482096,69
"NIW","niwolwq",2021-02-20 14:32:00,"2","Winter","tank",4.61643,0.838016194331984,11.1236720647773,6.08493927125506,71.3032388663968,0.757597777722657,2.14858790837145,5.97456320785311,7.09110856663841,6.26790799664568,5.05639699081531,9.6795849457067,8.63913524990573,5.0464622600935,9.225646254509,8.66692651353556,70
"GRB","grbapwq",2021-06-24 08:30:00,"6","Summer","tank",4.6349775,1.30583333333333,20.83545,4.45716666666667,7.68516666666666,1.31901142449323,2.15289978865715,6.72300746066742,6.04645886272238,7.2102271197989,9.3690971837713,5.84755566107996,6.27916031877038,8.91704326526211,5.83757372297488,6.14672099148838,71
"GRB","grbsqwq",2021-10-01 09:50:00,"10","Fall","tank",4.6834009375,1.209833,18.55083,2.149167,36.85317,1.18922355369787,2.16411666448461,4.11272724540094,4.29133162253919,7.01147546573984,3.54771956388161,5.64684472095195,5.73418470363738,3.49919362028936,5.56865140846658,5.68591537527123,72
"NIW","niwolwq",2021-02-21 16:34:00,"2","Winter","tank",4.70421,0.805882352941177,10.6792156862745,5.2793725490196,68.2891372549019,0.725063616163386,2.16891908562768,5.56570762700539,6.67981501557412,6.205602200131,5.00472484217403,9.59258908442724,8.56128629419498,4.99102791147304,9.1401012425843,8.5876839400688,73
"NIW","niwolwq",2021-02-27 11:13:00,"2","Winter","tank",4.70421,0.863003663003664,16.1570293040293,5.69472527472528,50.7644688644689,0.825085314229267,2.16891908562768,6.3280861903646,6.62865411478868,6.31657245725395,5.09676097983115,9.74750486657273,8.69991458646603,5.16242922284439,9.40436788461049,8.83246451319216,74
"GTM","gtmpcwq",2021-04-06 08:51:00,"4","Spring","tank",4.79,2.994617,7.326304,4.839388,91.15253,2.60048545040001,2.18860686282393,4.59946958789114,4.3148429032774,11.1607834996089,10.4330776948804,3.8427670607358,3.09458161209126,9.69443300309198,4.346099846042,3.69802252232325,75
"LKS","lksbawq",2021-06-09 08:30:00,"6","Summer","tank",4.79,2.57875,21.446375,9.11125,125.94625,2.62413906538024,2.18860686282393,13.9034282458268,16.8975734058912,10.1081739834782,12.370731329095,15.0995719696527,16.3266143903649,12.1275775473574,15.3976844150125,16.335097509945,76
"PDB","pdbgswq",2021-09-09 09:07:00,"9","Fall","tank",5.02260871,1.626029106,13.2536,0.2252,3.0661,1.50463781072594,2.24111773675548,4.05548372370929,3.66072005493612,7.89321867598583,4.13200913143887,4.03315702923272,4.31825775419119,3.96233566171163,4.05201492127464,4.28623326801126,77
"NIW","niwolwq",2021-04-04 11:50:00,"4","Spring","tank",5.05932,0.786716981132077,15.2923698113207,4.52143396226416,25.5186792452831,0.744787617254426,2.24929322232563,6.22055717659222,6.42456570788141,6.16858973550633,5.94654448945888,9.54088968236402,8.79664021234951,5.79792234558654,9.19191578362183,8.56969732691072,78
"NIW","niwolwq",2021-02-21 11:15:00,"2","Winter","tank",5.13114,1.48373801916933,9.89096166134185,7.71733333333333,116.719936102236,1.32371323777166,2.26520197774945,7.57187841341676,9.22512543608593,7.58589069968946,6.15098308888579,11.510978988555,10.2781699097839,6.06006803303016,10.7779746639693,10.1040602084409,79
"GTM","gtmpcwq",2021-09-02 10:31:00,"9","Fall","tank",5.16,5.11646634615382,5.79880769230769,5.00983173076923,186.533533653846,4.37369259055767,2.27156333832011,11.4831120713945,9.11747076933984,17.3429114996767,10.7844181933272,8.32653492247142,8.75786348197561,9.49644812928377,8.14549510464027,8.52061800771443,80
"MAR","marscwq",2021-01-26 15:00:00,"1","Winter","tank",5.19620367580597,0.85,18.53,6.57,6.18,0.835315759234354,2.27951829907241,9.87154220975741,9.68625620602948,6.29122362878756,5.07573523712446,10.2262771134905,8.74882223445714,5.18012365623514,9.85634041335127,9.01162074614095,81
"SAP","sapnawq",2021-07-22 11:20:00,"7","Summer","tank",5.538,4.65786885245902,28.568393442623,14.1018032786885,101.675901639344,5.18963365558874,2.35329556154768,14.1590510698101,17.6392258645614,15.8918127453204,18.1690268037485,14.0608358979244,15.8676993146401,19.8746178694948,14.7444256574719,15.9890675030043,82
"SAP","sapnawq",2021-07-22 14:15:00,"7","Summer","tank",5.59896,6.29262295081967,30.8420655737705,48.142131147541,112.018524590164,7.23004835436154,2.36621216293045,10.2719402752438,12.1990501780729,21.3542744618988,23.5082453972394,19.9152105527725,21.7032026461088,27.3952000655176,22.3263393765977,23.4704822149792,83
"MAR","marscwq",2021-08-19 10:02:00,"8","Summer","tank",5.6,0.45,30.29,3.37,5.01,0.513144999285977,2.36643191323985,9.00904227841584,8.31204205870939,5.53637538182659,7.58509157374635,9.14111011757244,10.4705672388592,7.18068476371601,8.99824799314945,9.97809608413835,84
"GTM","gtmpcwq",2021-09-17 10:38:00,"9","Fall","tank",5.65,3.66426136363638,11.5448181818182,5.96924242424242,186.436344696969,3.32777997898829,2.37697286480094,6.76992579893754,6.85186039632964,12.9652795417224,7.63630622707177,5.07289963531205,5.56738111313734,7.20322264586357,5.76127189883559,6.17697063042595,85
"NIW","niwolwq",2021-02-21 12:39:00,"2","Winter","tank",5.67777,1.3208832807571,10.1719085173502,6.50173501577286,106.915141955836,1.18196560280733,2.38280716802682,6.72529935211007,8.33731848276807,7.24163723162214,5.86481707562693,11.0341374834772,9.8513794237479,5.79757557533314,10.3779704439825,9.73388039964023,86
"NIW","niwolwq",2021-02-20 12:32:00,"2","Winter","tank",5.7456,0.980292207792209,11.0021720779221,6.79454545454544,87.9521827411167,0.885058014098652,2.39699812265258,6.36521877400058,7.72393873244988,6.54751310408996,5.28836966950828,10.0694870414598,8.98805347425413,5.26658858428392,9.56462740375978,8.9808837276174,87
"NIW","niwolwq",2021-02-21 14:25:00,"2","Winter","tank",5.7456,0.992903225806451,10.754935483871,7.04078341013825,74.5211981566821,0.894057297279496,2.39699812265258,6.69177315423012,7.88197101953644,6.57259101796265,5.30918219654748,10.1044184962415,9.01931403821784,5.28230812077996,9.58879218892606,9.00326167530395,88
"MAR","marscwq",2021-08-19 06:42:00,"8","Summer","tank",5.75,0.66,28.52,4.17,5.99,0.734874946156715,2.39791576165636,9.93949193548589,9.72441105151662,5.92665774841914,8.00541347592416,9.70323550719914,11.0394508376172,7.63970355918867,9.58462736155954,10.5673534576689,89
"GRB","grbgbewq",2021-09-28 07:35:00,"9","Fall","tank",5.84698765625,1.4325,19.51325,1.418,31.42133,1.42420983019472,2.41805451887463,4.62815895709527,4.55237257536369,7.47671841452424,3.85477987381514,6.11774497038882,6.18312606717541,3.84150510760414,6.06019923567674,6.16005729996498,90
"NIW","niwolwq",2021-02-21 09:58:00,"2","Winter","tank",5.89323,1.63827361563518,9.71084039087948,8.31013029315961,125.170781758958,1.45877845956715,2.42759757785346,8.12562565625637,9.80021383147299,7.91995018738501,6.4288336673927,11.9727887651153,10.6915268395536,6.31559280393571,11.1661587340462,10.4632160116593,91
"GRB","grbapwq",2021-09-29 13:30:00,"9","Fall","tank",5.99795484375,1.474333,19.68875,1.6605,27.81433,1.46886567451889,2.44907224143144,4.96640359498958,4.7286986383424,7.56579223679557,3.91388992042391,6.20831822474482,6.269357600761,3.90836256053611,6.15596147283401,6.25230809124555,92
"GRB","grbapwq",2021-07-08 12:45:00,"7","Summer","tank",6.05492359375,1.428333,20.3326,2.2215,11.77817,1.43403682293348,2.460675434459,5.76204106955024,5.56807183608394,7.46787462606176,9.63985128402307,6.10875938609217,6.53530489777078,9.18020147014816,6.08120831092818,6.3854774837089,93
"PDB","pdbgswq",2021-07-08 12:15:00,"7","Summer","tank",6.11403091,1.927962578,16.1494,0.111,7.2519,1.84309167351376,2.47265665024483,5.24957412940649,5.01596292235477,8.56556383912918,10.7840975552444,4.57932791602331,5.17249868713025,10.1470513513843,4.66473189187623,5.06962135578163,94
"PDB","pdgbswq",2021-07-14 09:15:00,"7","Summer","tank",6.17450549,2.385374532,11.7889,0.2602,5.7108,2.17208853137596,2.484855225159,5.1218580574626,6.24138170820355,9.63647180810968,11.8879113622817,5.47279368923195,6.06759356913885,10.9597906549951,5.30166030755321,5.70250272768916,95
"NIW","niwolwq",2021-04-10 10:17:00,"4","Spring","tank",6.22041,0.772473404255319,19.7556781914894,4.67757978723405,24.0018882978724,0.770222991401752,2.49407497882481,6.87841905759345,6.15873758111937,6.14115403087182,5.92166831517178,9.50255751944992,8.76177572942938,5.84459786689222,9.25895018512757,8.63155377293191,96
"GTM","gtmpcwq",2021-05-26 11:32:00,"5","Spring","tank",6.32,3.98329758713137,10.0868981233244,7.44796246648794,84.6129758713136,3.56113347787309,2.51396101799531,6.90888804409072,6.42799116457159,13.8725238110937,12.8482340382852,5.71894762062589,4.69814578927819,12.1028289440203,6.25752606963959,5.38857429682717,97
"MAR","marscwq",2021-04-28 10:02:00,"4","Spring","tank",6.32364688059496,0.607540983606558,23.5544262295082,3.33032786885246,11.3740983606557,0.634511709362735,2.51468623899582,7.86220812797495,7.34597889386736,5.82791786557398,5.63741405740685,9.56124231820425,8.44224383897975,5.59772340529325,9.3169175030275,8.45314832287606,98
"GRB","grbapwq",2021-09-22 08:15:00,"9","Fall","tank",6.3850575,1.714667,17.31157,2.557,42.15517,1.66125742108432,2.52686713144953,5.12320946194233,5.67826974836327,8.08774829199282,4.26219632657124,6.74156436542839,6.77633484074674,4.20300149766731,6.57712012652204,6.6575943821117,99
"SAP","sapnawq",2021-02-11 00:13:00,"2","Winter","tank",6.44464,0.829722222222223,15.2399166666667,8.77016666666667,75.0122777777778,0.785034639495539,2.53862955154942,3.37847596251381,4.09042328722741,6.25179663151578,5.04303463459336,4.32821530939916,3.8376453429818,5.0934493743939,3.72074580388409,3.54167325541806,100
"NIW","niwolwq",2021-02-27 10:00:00,"2","Winter","tank",6.53961,1.0256884057971,15.1172862318841,6.02094202898551,34.4443478260869,0.969101737393992,2.5572661183381,7.22487745675969,7.21244236943927,6.63801099139633,5.36348029968244,10.1955136914544,9.10083683873829,5.41430443563846,9.79148789717705,9.19095418155699,101
"GTM","gtmpcwq",2021-09-27 06:52:00,"9","Fall","tank",6.56,3.57438888888888,8.21271388888889,3.63105555555555,193.947027777778,3.13278944387178,2.56124969497314,6.80143904267917,6.1391680082786,12.7152471153725,7.459288624729,4.89789619549985,5.39357740847562,6.81068708844215,5.36232216562972,5.78163857201523,102
"GRB","grbapwq",2021-08-13 10:15:00,"8","Summer","tank",6.60182359375,1.627667,23.66923,2.457,44.52683,1.7023653832507,2.56940140767261,5.58272168600521,6.11794542797004,7.89679181420636,10.0886717680321,6.54599456540692,6.96305393790306,9.80896703594412,6.66891495971684,6.96012669617221,103
"LKS","lksbawq",2021-06-16 12:25:00,"6","Summer","tank",6.61,2.615,22.462625,9.9675,110.4575,2.69434790107053,2.57099202643649,15.258266497827,17.3945652999498,10.1978532923488,12.4623099989534,15.2226723758298,16.4478406540574,12.3142515651863,15.6376609409057,16.5712520755571,104
"NIW","niwolwq",2021-02-28 12:01:00,"2","Winter","tank",6.64335,0.93015444015444,18.8028108108108,6.94903474903475,49.2679536679537,0.917025559098165,2.57746968944351,7.33626617856234,7.18845248126203,6.44828467437804,5.20602935134867,9.93120791109812,8.86430725929487,5.32253421589326,9.6506045368215,9.06050162185841,105
"SAP","sapnawq",2021-04-29 21:15:00,"4","Spring","tank",6.76386666666667,3.41032786885246,23.6814918032787,28.9944262295082,39.5490163934426,3.56738486625977,2.60074348344212,16.3782410388637,13.7337980515521,12.2650944963597,11.4179711563728,10.2769119369453,9.44198855673148,12.1193756560764,9.83473905287379,9.14644470314086,106
"MAR","marscwq",2021-06-29 07:22:00,"6","Summer","tank",6.80016526649222,0.782786885245902,26.5619836065574,2.0783606557377,10.3260655737705,0.849445144192558,2.60771265029186,8.31418584657,9.18808311701624,6.1610135518248,8.2564263461025,10.0396801044081,11.3790483533505,7.88245558903061,9.89486800236391,10.8784526939169,107
"MAR","marscwq",2021-08-19 14:03:00,"8","Summer","tank",6.86,0.56,31.12,3.62,4.69,0.645890965351177,2.61916017074176,9.82919235700595,8.78867014068663,5.73915129330786,7.80384665310141,9.43346501801516,10.7666771371701,7.45378326322104,9.34708004960362,10.3288438349456,108
"NIW","niwolwq",2021-04-04 10:25:00,"4","Spring","tank",6.91866,1.15576158940397,14.082559602649,5.30950331125828,29.2619205298015,1.07937949826759,2.63033457947844,7.10939751213193,7.73332043017455,6.90075308112073,6.60925171307316,10.5609564733035,9.72409648774278,6.42687924521536,10.0931958305084,9.40117616842916,109
"NIW","niwolwq",2021-04-10 11:30:00,"4","Spring","tank",6.9825,0.768779220779221,21.1476337662338,7.59319480519479,29.1862597402597,0.779476912062016,2.64244205234476,8.48433464594826,7.41956082654626,6.13404835174995,5.91522499940901,9.4926283729448,8.75274465786432,5.86162582155369,9.28339912327821,8.65411362632848,110
"NIW","niwolwq",2021-04-11 10:30:00,"4","Spring","tank",7.0224,0.828426395939086,20.1381015228427,6.15426395939086,23.2657106598985,0.829796816035248,2.6499811320083,7.94204965671691,6.94872192405777,6.24928131100797,6.01968919757558,9.65358139995379,8.89913192407698,5.95465200523491,9.4169089902189,8.77730234654443,111
"LKS","lksbawq",2021-03-22 08:00:00,"3","Spring","tank",7.08,2.74,3.6522,5.092,116.358,2.29193148011337,2.66082693913001,13.5442740407933,12.3519062139878,10.5101298520312,9.85177698247275,15.6509893966555,13.7780601470288,8.97750720940015,14.2873488020281,12.9760291305097,112
"GRB","grbsqwq",2021-08-20 10:00:00,"8","Summer","tank",7.12080890625,1.705833,25.68698,4.712667,44.14983,1.8303102237231,2.66848438373733,7.03481310045741,7.10298894201491,8.06825446563865,10.2674577260678,6.72157485573227,7.13449044402568,10.1161083814924,6.95868930246233,7.24284793602147,113
"GTM","gtmpcwq",2021-07-06 12:00:00,"7","Summer","tank",7.15,4.58197885196375,10.5456737160121,8.16287009063444,137.638036253777,4.11655561672358,2.67394839142419,8.85895077240263,9.75227308468659,15.657793615976,17.9378472724467,7.03575286304825,7.89695886584729,16.4026321475206,7.52115916133844,8.14146097069876,114
"LKS","lksbawq",2021-06-09 13:30:00,"6","Summer","tank",7.24,2.67,22.076,8.412,124.671,2.73797357125148,2.69072480941474,14.0078781490065,16.981957483472,10.3346747804188,12.6019018721573,15.4103997587165,16.632626424166,12.4309634112923,15.7877099132064,16.718845189051,115
"NIW","niwolwq",2021-02-28 10:51:00,"2","Winter","tank",7.38948,0.865368098159508,16.8638374233129,5.13300613496932,35.657944785276,0.834086207420824,2.71835979958504,6.56834969342588,6.337237207652,6.32118707001218,5.10058872626047,9.75394407585607,8.70567685517857,5.17799544024675,9.42833378661377,8.85466086847477,116
"LKS","lksbawq",2021-06-09 12:28:00,"6","Summer","tank",7.49,2.5,22.1568181818182,8.70181818181818,123.417272727273,2.5661889753164,2.7367864366808,13.5057594090816,16.4897824991593,9.9147182003109,12.1729483213631,14.8338690629648,16.0648059016719,11.9745716284155,15.2010066600138,16.1414532394136,117
"SAP","sapnawq",2021-02-11 01:12:00,"2","Winter","tank",7.50216,0.899277777777778,15.2341611111111,10.1560555555556,86.9294999999999,0.85078863318957,2.73900711937738,3.76277976043383,4.70173198672625,6.38755316671837,5.15564263135177,4.4553392366565,3.95103513881124,5.20694283658179,3.83161316064326,3.64503106876308,118
"SAP","sapnawq",2021-04-29 16:15:00,"4","Spring","tank",7.59546666666667,4.67852459016393,27.6476721311476,31.6381967213115,86.8360655737705,5.14947562368426,2.75598742135494,15.0458194108204,14.1271082109267,15.9558085949612,14.6969783039856,14.1284682160462,12.9356429004556,16.6704039822888,14.6109300681373,13.544452526445,119
"NIW","niwolwq",2021-02-27 15:32:00,"2","Winter","tank",7.68075,1.21360986547085,21.8732264573991,12.1105381165919,83.2140134529148,1.24141930687208,2.77141660527608,9.29874904795321,10.1705650781994,7.01924230400482,5.68004147981844,10.7255493601706,9.57519387727623,5.9069661240305,10.5448246894161,9.88830509772243,120
"GTM","gtmpcwq",2021-03-25 11:09:00,"3","Spring","tank",7.84,4.2780163599182,6.45425766871166,4.37971370143149,109.898916155419,3.68163149465718,2.8,6.95574647335528,6.4231588909374,14.7378760100293,13.6167805863525,6.35014945369881,5.24069023977708,12.4237643541697,6.52180508874612,5.62302307057065,121
"NIW","niwolwq",2021-04-10 09:07:00,"4","Spring","tank",7.93611,1.05387341772152,17.9822202531646,3.82921518987341,13.4037974683544,1.029042623583,2.81711022148584,7.26617246710084,6.61429429854061,6.69451070097231,6.42278943786734,10.2741538743113,9.46339437432696,6.33018804057472,9.95491171320472,9.27362652647848,122
"MAR","marscwq",2021-04-28 07:30:00,"4","Spring","tank",8.11127943809393,0.652295081967213,23.1351803278689,2.63737704918033,12.3598360655738,0.677703993260407,2.84803080006062,7.45732978872691,7.17098080491651,5.91210336246294,5.71385475776776,9.68231468619882,8.55000886044091,5.67571723229161,9.43166422591632,8.55760432610795,123
"GTM","gtmpcwq",2021-06-07 08:11:00,"6","Summer","tank",8.24,5.59979400749063,8.70492509363295,7.96408239700375,78.9295131086142,4.93341642615854,2.87054001888146,9.03852614237771,11.5275821855217,18.9408695271707,21.1615583832333,9.58731221629061,10.4365523263573,19.015349094802,9.59057951533501,10.1889479378247,124
"GTM","gtmpcwq",2021-05-03 12:03:00,"5","Spring","tank",8.26,6.34599198396792,4.68141482965931,5.92951903807615,144.973206412826,5.36345905948121,2.87402157263998,12.3883428915282,10.0386599932787,21.5461819951955,19.6373658972566,11.7082597127402,9.88121982074763,17.3415284764496,10.7809712457423,9.41639451422322,125
"GTM","gtmpcwq",2021-09-28 08:59:00,"9","Fall","tank",8.32,4.0184708737864,4.71006067961165,3.74531553398059,192.855582524272,3.39728541184863,2.88444102037119,8.63820887723182,6.72506570982226,13.9744237305793,8.35418941879383,5.79254260294182,6.27922140263391,7.34580274370487,5.90693997674528,6.32104929066344,126
"NIW","niwolwq",2021-02-28 09:20:00,"2","Winter","tank",8.34708,1.15453237410072,15.786881294964,8.55672661870503,18.9703237410072,1.09915332909968,2.88913135734601,9.46327533982697,8.63968770294202,6.89824625292143,5.57954495519114,10.5574728558124,9.42477001249889,5.64691075050977,10.1477789153213,9.52080964474537,127
"GRB","grbulbwq",2021-09-27 12:00:00,"9","Fall","tank",8.4068784375,1.710833,20.6511,1.5895,27.67067,1.7242585962402,2.89946174961837,5.7289371481115,5.29962603888398,8.07928498532623,4.25652334528421,6.73288517333862,6.76809243246025,4.30181177832869,6.71806252206941,6.79307670577375,128
"LKS","lksbawq",2021-06-16 08:25:00,"6","Summer","tank",8.77,2.47571428571429,21.829,10.3828571428571,112.408571428571,2.53107506799295,2.96141857899217,14.8070594138646,17.075424253468,9.85543546502154,12.1122755683548,14.7524047678184,15.9844937014077,11.8823327929205,15.0824480822096,16.0246794468615,129
"LKS","lksbawq",2021-06-09 14:29:00,"6","Summer","tank",8.88,2.56333333333333,22.1984444444444,7.96777777777778,123.477777777778,2.63254425995823,2.97993288515027,13.443104748478,16.4314170976427,10.070154544688,12.3318864351269,15.047370389058,16.2751942915657,12.1498504840534,15.4263159195898,16.3632799343285,130
"NIW","niwolwq",2021-04-11 11:45:00,"4","Spring","tank",8.9376,0.836216931216932,21.7678703703704,8.83912698412698,29.7483333333334,0.854277561542569,2.98958191056877,9.47932198959653,8.15996249593656,6.26441109664761,6.03340081007138,9.67470342680206,8.91834124465305,6.00017427476526,9.48220650857418,8.83754873390202,131
"GTM","gtmpcwq",2021-07-19 09:05:00,"7","Summer","tank",9.06,5.02249411764705,15.5590447058824,10.6828705882353,137.659011764706,4.76921089924754,3.00998338865848,10.543126894312,11.4834914750188,17.0403999278934,19.3004052607013,8.09172111467009,8.95271843493473,18.4746413857654,9.15441237229826,9.7589379969651,132
"NIW","niwolwq",2021-04-03 09:09:00,"4","Spring","tank",9.06528,0.906134969325152,11.9429969325153,6.07794478527608,33.6533435582823,0.826500659513472,3.01086034216136,6.69431525386314,7.65092049024113,6.40101579993768,6.15715717197248,9.86530132135718,9.09166690852946,5.94853599958768,9.40813438163017,8.76920634298298,133
"GRB","grbsqwq",2021-09-17 09:30:00,"9","Fall","tank",9.07711578125,2.500833,18.50888,4.667833,75.2455,2.45701982334247,3.01282521584808,7.11481345646033,8.45559650038907,9.91675475137874,5.5052571800923,8.63934375696554,8.57241303395829,5.53539380128336,8.46710520941335,8.46910219148713,134
"LKS","lksbawq",2021-04-30 13:30:00,"4","Spring","tank",9.18,2.522,12.0582,9.524,153.798,2.30325209252807,3.02985148150862,14.3578603683646,13.6420939572734,9.96857484054453,9.36731409165012,14.9078597649723,13.1176901946093,9.00332405108123,14.3245018758498,13.0098672483476,135
"NIW","niwolwq",2021-04-11 09:08:00,"4","Spring","tank",9.22488,1.00291777188329,19.2264588859416,8.66904509283819,20.422148541114,0.993725280593032,3.03724875504131,9.85780140579402,8.65317019770413,6.59253980766067,6.33053796104736,10.1322010298374,9.33434252058854,6.26278507189299,9.85845824319738,9.1846552308346,136
"LKS","lksbawq",2021-06-09 11:27:00,"6","Summer","tank",9.26,2.4375,22.05625,8.4975,125.12375,2.49894928655013,3.04302481094059,13.0798131662783,16.1847997225104,9.76251227021652,12.0171121233178,14.6246724741507,15.8585275842673,11.7982557012218,14.9743851978361,15.9182142299992,137
"LKS","lksbawq",2021-06-09 09:27:00,"6","Summer","tank",9.3,2.33375,21.44575,8.6325,125.52875,2.3748087119844,3.04959013639538,12.7687762302012,15.8672449963763,9.51244978008352,11.7606405153428,14.2806860560324,15.5190483939143,11.4761701363812,14.5604595102423,15.5101458196738,138
"MAR","marscwq",2021-07-14 14:07:00,"7","Summer","tank",9.30395262360556,1.00686274509804,29.0334509803921,5.1621568627451,17.2352941176471,1.12880559245557,3.05023812572159,11.072090887174,11.6061829035571,6.60040642008429,8.72449170399353,10.6684432472967,12.0120462841736,8.49028137869366,10.6720521536008,11.6559352768491,139
"GTM","gtmpcwq",2021-06-10 13:48:00,"6","Summer","tank",9.45,4.95633495145631,9.54226941747573,7.15650485436893,79.6687621359221,4.40539328135373,3.07408522978788,8.35194159911296,10.4056175165664,16.829019582489,19.0925856587727,7.92841996267404,8.78993267107398,17.3044187012638,8.22418873169607,8.83922279968025,140
"GTM","gtmpcwq",2021-07-07 08:30:00,"7","Summer","tank",9.49,4.69656686626747,16.2052395209581,12.7543113772455,119.10998003992,4.49268714428308,3.08058436014987,9.92476906181779,10.8572783353371,16.0118126064688,18.2874802589227,7.30333228240142,8.16521391738575,17.5817092621931,8.4428417257812,9.05574816538487,141
"LKS","lksbawq",2021-06-09 07:32:00,"6","Summer","tank",9.65,2.58,21.472,7.91375,127.05125,2.62623001750793,3.10644491340181,13.3450997043956,16.4428174122278,10.111259780278,12.3738835922441,15.1038084918555,16.330787142013,12.1331164549031,15.4048045616472,16.3421061546976,142
"LKS","lksbawq",2021-06-16 11:25:00,"6","Summer","tank",10.04,2.64818181818182,22.1732727272727,10.1618181818182,111.421818181818,2.71884315870508,3.16859590355097,15.4113607601165,17.567486511978,10.2802893852126,12.5464335514875,15.3357917242262,16.5591994596282,12.379716009517,15.7218233235506,16.6540431686557,143
"PDB","pdbgswq",2021-08-11 09:45:00,"8","Summer","tank",10.0726597,3.686025878,14.9305,0.1952,3.8014,3.47533520329983,3.17374537415969,9.60618874862234,10.465993858912,13.0261963262505,15.3204461390362,8.44818379461769,9.00292629235878,14.4869105573302,8.2251003052339,8.57521217605323,144
"SAP","sapnawq",2021-04-29 13:15:00,"4","Spring","tank",10.1109333333333,2.97049180327869,25.3275573770492,28.6819672131147,46.1626229508197,3.17262138133394,3.1797693836713,16.7591187050998,13.8685114946568,11.0982954674106,10.3772843505909,9.08397159258192,8.3584932973638,11.0966620846324,8.78987099931202,8.18321126461138,145
"PDB","pdbbywq",2021-09-09 10:10:00,"9","Fall","tank",10.226133,2.782384473,13.4019,0.7918,7.8561,2.57889756511707,3.19783254721069,6.62133870713502,6.59223420075621,10.6170844187623,5.98906780351601,6.31277988873273,6.53149457740159,5.75563518195647,6.14557226288689,6.32891720897063,146
"SAP","sapnawq",2021-02-10 23:10:00,"2","Winter","tank",10.2648,0.980888888888888,15.0768833333333,8.42405555555556,67.6083333333333,0.926350897234952,3.20387265664539,3.59768710872113,4.20015210741308,6.54869856691569,5.28935347780284,4.60684257402223,4.08618279674816,5.33890995451355,3.96102805858296,3.76564207139758,147
"GRB","grbsqwq",2021-07-07 09:54:00,"7","Summer","tank",10.27232015625,2.06916666666667,27.59835,5.85466666666667,36.3056666666667,2.27597617017212,3.20504604588608,9.66867785706829,8.62721124288804,8.88942674521548,11.1191096839123,7.56821618163354,7.95873542177017,11.2229338221425,8.0161677288479,8.27158855256794,148
"SAP","sapnawq",2021-07-22 10:23:00,"7","Summer","tank",10.29744,3.32590163934426,28.4005901639344,12.7318032786885,86.1616393442622,3.69733612062024,3.20896244914147,10.4495942645308,13.431068789867,12.0366063114313,14.3265212799759,10.0422220118906,11.787231997352,15.136705154641,10.1915311477219,11.4236804949991,149
"NIW","niwolwq",2021-06-25 09:32:00,"6","Summer","tank",10.62138,1.465893,25.0976,14.77609,11.75115,1.56105590649161,3.25904587264432,17.2695212470715,15.3121205436529,7.54777871074247,9.72364057370543,11.4582363914874,13.2626626926381,9.47524537148091,11.4646782202277,12.7274229591387,150
"NIW","niwolwq",2021-02-27 12:18:00,"2","Winter","tank",10.64931,1.24905027932961,17.3923268156424,8.80620111731845,60.9346368715083,1.21127738558063,3.26332805583502,8.53552683038447,8.88138720535931,7.09233229094641,5.74075950462052,10.8270149430371,9.66600422596318,5.8513793787638,10.4600663947879,9.80986276409041,151
"MAR","marscwq",2021-04-28 14:01:00,"4","Spring","tank",10.90428315659,0.934262295081967,24.0540327868852,2.99032786885246,10.8801639344262,0.981863950786305,3.30216340549495,8.85894758617307,8.19723887732321,6.45638609831577,6.20729749604465,10.4626331532586,9.24468568843738,6.24022871387883,10.259596303852,9.31134581040224,152
"LKS","lksbawq",2021-04-30 12:00:00,"4","Spring","tank",10.92,2.814,10.7878,7.47,165.784,2.53475648976099,3.30454232837166,14.6523868331441,13.6139257258656,10.6972167957654,10.0190043873892,15.9073533319529,14.0059090412732,9.53940340686275,15.0948562521699,13.7115144187346,153
"GTM","gtmpcwq",2021-06-09 12:30:00,"6","Summer","tank",11.01,5.32465020576132,14.1687119341564,7.98654320987654,76.9633744855968,4.97754346765554,3.31813200460741,10.878741477667,12.170626138794,18.0225681920272,20.2638408868193,8.8586975661561,9.71516603105946,19.1619832761027,9.7095213090466,10.3060851455652,154
"LKS","lksbawq",2021-03-22 11:00:00,"3","Spring","tank",11.15,2.596,3.6584,3.906,114.654,2.17161428851274,3.3391615714128,12.6816410222728,11.6395061879417,10.1507995727442,9.53039546676582,15.1580884595143,13.3400344144274,8.70541241264853,13.8954614181033,12.6191152494194,155
"GND","gndblwq",2021-06-15 10:48:00,"6","Summer","tank",11.16,2.15,23.761,5.24,48.07,2.2512537873635,3.34065861769801,9.43482465003557,8.98668016252891,9.07752926266234,11.313196254781,9.27905049273799,9.40154890519177,11.1600299885991,9.28562555084726,9.36470826041844,156
"NIW","niwolwq",2021-06-25 11:15:00,"6","Summer","tank",11.36352,1.308849,26.01751,13.09207,17.0354,1.41033914370644,3.37098205275555,15.4808442003272,13.8786158468613,7.21651552163004,9.37571623881776,10.9993011177277,12.7944013915115,9.12567228782413,11.026151960495,12.2854518023597,157
"LKS","lksbawq",2021-06-16 14:25:00,"6","Summer","tank",11.38,2.77142857142857,22.5805714285714,11.45,109.814285714286,2.859678965306,3.3734255586866,16.5334074091762,18.4728667536319,10.5893859958047,12.8613699159113,15.7596154095568,16.9761071917574,12.7594720925045,16.2100987487259,17.134054529701,158
"SAP","sapnawq",2021-02-10 13:10:00,"2","Winter","tank",11.43464,0.974111111111111,15.5907944444444,13.9143888888889,77.9892222222223,0.925320525721041,3.38151445361394,5.68290984231951,6.2970394371548,6.53523905477468,5.27818365562568,4.59416381968882,4.07487228935003,5.33709933693473,3.95924889463261,3.76398421057291,159
"SAP","sapnawq",2021-02-10 15:13:00,"2","Winter","tank",11.73008,2.78866666666667,16.5881055555556,16.8517222222222,106.797277777778,2.67934464502372,3.42492043703208,8.24870452562343,9.48012929318575,10.6329832158486,8.69011410217796,8.61231263307549,7.66260192826034,8.86402857352893,7.56670729527748,7.11478966715772,160
"LKS","lksbawq",2021-03-22 15:00:00,"3","Spring","tank",11.75,1.848,4.302,4.116,111.74,1.55591249433255,3.42782730020052,10.9186357604449,9.95669475698231,8.38482840385002,7.94673648190226,12.7246180343884,11.1785701477676,7.37855272039639,11.975344459915,10.8705768916414,161
"GND","gndblwq",2021-06-17 11:08:00,"6","Summer","tank",11.89,2.36,24.73,6.32,58.55,2.50149609588031,3.44818792991333,10.1965844890771,10.0397968565273,9.57541202089003,11.8252694983212,9.84533823368597,9.9410044615695,11.8049101176572,9.95906987369214,10.0104979211006,162
"GND","gndblwq",2021-06-17 07:04:00,"6","Summer","tank",11.93,2.72,11.39,7.33,74.53,2.46608164854967,3.45398320783411,8.77969400600174,10.9819595356106,10.4598491307419,12.7294782172859,10.855137531924,10.9007953084997,11.7125460136522,9.86233160732823,9.91779746144055,163
"LKS","lksbawq",2021-06-16 13:23:00,"6","Summer","tank",11.94,2.58375,22.572625,9.70625,100.64875,2.66576276812819,3.4554305086342,15.6240943426146,17.1915094141511,10.1205199963179,12.3833427911278,15.1165216239165,16.3433085959608,12.2380762167286,15.5397318948982,16.4748985275052,164
"GTM","gtmpcwq",2021-07-22 07:30:00,"7","Summer","tank",12.27,5.75411764705883,18.1696512605042,12.3925840336134,127.362016806723,5.63086605771289,3.5028559776274,12.932518573437,13.4720803013796,19.4659176599349,21.6735901924056,10.0085832700224,10.8524737999493,21.3988718360652,11.5562790203108,12.1186923629312,165
"GND","gndblwq",2021-09-14 10:55:00,"9","Fall","tank",12.38,2.7,19.555,8.03,62.9,2.68570769611683,3.51852241715184,10.6797864809927,10.3274183694259,10.4096889701155,5.84539198226013,10.7977445000845,10.3801110803091,5.95218086574949,10.4698782080609,10.2360697090707,166
"SAP","sapnawq",2021-07-22 09:20:00,"7","Summer","tank",12.42352,2.47786885245902,28.12,15.1147540983607,68.4813114754098,2.74435851161524,3.52470140579312,9.95776908822626,11.8449315661781,9.86068769250131,12.1176521731144,7.83520959303476,9.50470778286076,12.4480912346582,7.72267954124202,8.90883952919379,167
"MAR","marscwq",2021-06-29 14:00:00,"6","Summer","tank",12.4688059495937,0.878032786885246,28.762737704918,4.80016393442623,7.7827868852459,0.980812999662575,3.53111964532409,11.1270617454596,10.9080345597283,6.34593313087506,8.4538058569145,10.3046094417074,11.6460175483653,8.16547101518518,10.2566756258032,11.2407177821996,168
"GND","gndblwq",2021-08-17 15:45:00,"8","Summer","tank",12.51,2.69,30.339,8.07,75.29,3.06951782854752,3.53694783676548,11.9756109644651,11.9061474908718,10.3846541000509,12.6528553082412,10.7691050314072,10.8191236641304,13.3359330107744,11.5751970475442,11.5562704670873,169
"LKS","lksbawq",2021-07-14 12:30:00,"7","Summer","tank",12.65,2.088,22.85,4.38,69.85,2.16167475453446,3.55668384875575,12.9744664805749,13.1640579678667,8.93307672424516,11.1641798050365,13.4822266848773,14.7295865557231,10.9335851234145,13.8633308666787,14.8219008131944,170
"NIW","niwolwq",2021-02-27 14:05:00,"2","Winter","tank",12.68421,1.66420080037665,20.7389436363636,14.5171272727273,77.2856909090909,1.67903811670222,3.56148985678747,12.0201395841118,12.3705956985287,7.97670207686809,6.47605125628033,12.0511585520618,10.7616760138783,6.74361215817193,11.8139268646418,11.0623692198359,171
"LKS","lksbawq",2021-06-16 07:24:00,"6","Summer","tank",12.78,2.485,21.668,10.76,112.908333333333,2.53557738875264,3.5749125863439,14.9890313560729,17.2542456817616,9.87808140274786,12.1354560752458,14.7835263944488,16.0151775433658,11.8941397653695,15.0976237740368,16.0396285409014,172
"SAP","sapnawq",2021-02-10 21:18:00,"2","Winter","tank",12.81504,2.97755555555556,13.71025,10.5932777777778,45.8746111111111,2.76925973236787,3.57981005082672,7.26208491173076,8.1361574655444,11.1165735282999,9.09391342184456,9.10254886328437,8.10063703787143,9.06880424579111,7.78284052583462,7.31506181752761,173
"GND","gndblwq",2021-06-15 08:08:00,"6","Summer","tank",12.87,2.65,19.951,5.35,67.71,2.64844807392722,3.58747822293042,9.49907793362686,10.545231693723,10.2848160214497,12.5510512386968,10.6549274716465,10.7107058561447,12.1920499333653,10.3655287915808,10.3997648445362,174
"GND","gndblwq",2021-09-14 13:24:00,"9","Fall","tank",12.87,2.92,26.844,5.16,67.46,3.1802917807906,3.58747822293042,11.8807818770042,10.6013473282565,10.9680815734651,6.23295526330993,11.4374347791939,10.9739139287906,6.90530086086301,11.9045225544775,11.5902890582337,175
"LKS","lksbawq",2021-04-30 10:20:00,"4","Spring","tank",12.88,2.852,10.013,7.726,167.118,2.54772198677965,3.58887168898527,15.0652497755571,13.7440156511784,10.7939298523015,10.1054248295999,16.0398089873169,14.1236386586238,9.56988514372936,15.1385968664641,13.7513553546364,176
"LKS","lksbawq",2021-03-22 16:50:00,"3","Spring","tank",12.95,2.758,4.3604,4.392,111.044,2.3234477198422,3.59861084308932,13.1595056840889,12.2169516498898,10.5554855805583,9.89232438749831,15.7131565129936,13.8333108726118,9.04947255822546,14.3909016289597,13.0703428386604,177
"NIW","niwolwq",2021-06-15 11:33:00,"6","Summer","tank",13.39842,1.29559228650138,27.8104380165289,10.1153719008265,19.8823415977961,1.42907122754252,3.66038522562858,13.6191927916345,12.0734046559281,7.18889249445406,9.34663666374234,10.9609898565748,12.7552587600212,9.16876201090403,11.0801895728579,12.3399578983766,178
"GND","gndblwq",2021-07-30 07:45:00,"7","Summer","tank",13.42,2.49,21.912,8.23,75.36,2.54826612770657,3.66333181680284,10.0050899068718,11.0115455551029,9.89028613356077,12.1479470654542,10.2043022717861,10.2824942566604,11.9274465044159,10.0875505946801,10.1335834197784,179
"LKS","lksbawq",2021-03-22 13:00:00,"3","Spring","tank",13.46,2.084,3.8246,4.194,112.154,1.74621769119133,3.66878726556883,11.5351639913737,10.530404510236,8.92379699065636,8.43086628653905,13.4694203653799,11.8399138896843,7.77695962247348,12.553589283165,11.3971096015289,180
"NIW","niwolwq",2021-06-15 13:02:00,"6","Summer","tank",13.53009,1.70380239520958,27.9053892215569,6.91005988023953,17.0762874251497,1.88169413180073,3.67832706539264,13.4145031802681,11.8559323188329,8.06377689187723,10.2627933384175,12.1713552796343,13.9880733723676,10.2407919834655,12.4260558858517,13.6936640745979,181
"NIW","niwolwq",2021-04-10 15:03:00,"4","Spring","tank",13.55403,1.86161803713528,24.1457214854112,11.5025464190981,38.2110875331563,1.95872657730138,3.68157982393428,13.7780103092045,11.9608481956456,8.4154724198614,7.97428332884723,12.656273670586,11.6274528523558,8.23422995098133,12.6627901607063,11.7699120589603,182
"NIW","niwolwq",2021-06-16 14:31:00,"6","Summer","tank",13.65378,1.736875,28.3725911458333,7.05843749999999,14.8259114583333,1.93012960093384,3.69510216367559,14.0046211574075,12.0350594260425,8.1368581699785,10.3388944787387,12.2721926000741,14.0904442625635,10.3590203729371,12.5746459048619,13.8426971670736,183
"LKS","lksbawq",2021-05-19 11:27:00,"5","Spring","tank",13.69,3,17.3192,6.64,156.186,2.9068109905676,3.7,13.8892047830636,14.3149870718517,11.1747502491155,10.4455471480594,16.5609235631647,14.5868611855484,10.4334205937256,16.3751722346458,14.8777469617911,184
"MAR","marscwq",2021-07-14 10:00:00,"7","Summer","tank",13.7799201211954,1.56491803278689,28.9687049180328,15.2850819672131,42.4675409836065,1.75292626732421,3.71213147951355,17.4889027098292,19.8576778390884,7.76048005219778,9.94628483152154,12.3173605186275,13.6629797886229,9.92977645509013,12.5144991461388,13.4898509785488,185
"LKS","lksbawq",2021-05-19 07:25:00,"5","Spring","tank",13.85,4.018,17.0056,6.582,155.43,3.87909319732377,3.72155881318568,18.458975406553,17.7856526343362,13.973057107769,12.937568999749,20.3710614346084,17.9755971932681,12.9587653949391,19.9670172766841,18.1501391760046,186
"NIW","niwolwq",2021-02-28 15:19:00,"2","Winter","tank",13.98096,1.72513131313132,24.3605292929293,17.6831111111111,75.6765252525253,1.82003946128474,3.739112194091,14.2774881411156,13.9417004094856,8.11087013360565,6.58769563198638,12.2363388415406,10.927433915131,7.02497954669113,12.2381896668904,11.4546798062285,187
"LKS","lksbawq",2021-06-16 10:25:00,"6","Summer","tank",13.99,2.604375,22.0074375,10.196875,111.845,2.66843427664493,3.74032084185301,15.2344473507065,17.4278803373594,10.1715269470245,12.4354329880038,15.1865394489515,16.4122623659524,12.245185398426,15.5488711143837,16.4838916334022,188
"LKS","lksbawq",2021-07-14 10:30:00,"7","Summer","tank",14.02,2.431,23.04,4.953,69.59,2.52271168865011,3.74432904536981,14.8144348161527,14.777825682644,9.74675044280835,12.0009627924418,14.6030013145413,15.8371511594184,11.8604160674364,15.0542784139739,15.9969289448664,189
"GTM","gtmpcwq",2021-07-21 10:00:00,"7","Summer","tank",14.06,6.58669421487604,5.83406336088154,12.6606887052342,131.742258953168,5.63251277003388,3.74966665185053,10.345681519628,11.1922714556446,22.4223804953371,24.541590856991,12.4375887477382,13.2365595888936,21.4046659360572,11.5611368168443,12.12344648926,190
"NIW","niwolwq",2021-04-04 09:20:00,"4","Spring","tank",14.06475,1.53310924369748,13.0363739495799,5.81138655462185,35.2886974789916,1.41525289548679,3.75029998800096,7.80552660267739,8.91556521463673,7.6918339873897,7.3230618949393,11.6575312347958,10.7204725678948,7.09081217886118,11.0403141868493,10.2745526566144,191
"LKS","lksbawq",2021-05-04 13:00:00,"5","Spring","tank",14.41,2.516,11.3888,9.552,161.636,2.28109584607586,3.79605057922046,14.4511956366948,13.61732094967,9.95387219865581,9.35415295902558,14.8876622274891,13.0997441793812,8.95283108864816,14.2518325649892,12.9436819196314,192
"PDB","pdbgswq",2021-07-23 11:45:00,"7","Summer","tank",14.775617,4.990983333,11.3903,0.5332,4.2074,4.52507810315616,3.84390647648977,11.1834164136481,14.9030284658145,16.9395575743231,19.2012830800143,12.0799997070523,12.5280986614941,17.6851603860097,11.0447997293942,11.3137578679861,193
"NIW","niwolwq",2021-02-28 13:53:00,"2","Winter","tank",14.78295,1.68547794117648,22.1158658088235,17.1740257352941,80.1612316176471,1.72923267444523,3.84486020552113,13.4772344313702,13.6822466287517,8.02342686747704,6.51492942971949,12.1156636966169,10.8194152843227,6.84311593868137,11.9641007182713,11.2012428700241,194
"SAP","sapnawq",2021-02-10 17:09:00,"2","Winter","tank",14.82928,1.72605555555556,14.9476222222222,10.2307222222222,53.5818888888889,1.62770965899844,3.85088041881334,5.57324900796246,5.98048837636522,8.11291391666507,6.58939648895076,6.10732786557068,5.42528848274707,6.64261419260003,5.26480278430774,4.97881182319524,195
"LKS","lksbawq",2021-06-16 09:25:00,"6","Summer","tank",14.84,2.44166666666667,21.93,10.3483333333333,111.47,2.49935238265318,3.85227205685164,14.7182892242473,16.954519630096,9.77262270354919,12.0274699697516,14.6385726945744,15.8722380035318,11.7993088036387,14.9757387028118,15.9195478969342,196
"LKS","lksbawq",2021-07-14 09:30:00,"7","Summer","tank",14.94,2.136,22.9,4.749,70.34,2.21273818357702,3.86522961801754,13.3429578790846,13.5099464649005,9.04480967657905,11.2794610248286,13.6363771519018,14.8821651318511,11.0623828128582,14.0287938344157,14.9853704019257,197
"SAP","sapnawq",2021-07-22 21:05:00,"7","Summer","tank",15.10792,3.8985,28.723,10.6585,32.4028333333334,4.35253768354275,3.88689078827795,16.1776395575059,14.9609494744846,13.6283913060975,15.9224980812022,11.6870978337147,13.4671959181255,17.1375932182584,12.0872705840248,13.333851407499,198
"LKS","lksbawq",2021-05-04 14:00:00,"5","Spring","tank",15.13,2.924,11.5288,11.868,160.588,2.65503336740178,3.88973006775535,16.5327805402819,15.2483841637345,10.9783691941957,10.270186571339,16.2922836446778,14.3480565610583,9.8240396010891,15.5030537232745,14.0833252480039,199
"LKS","lksbawq",2021-05-19 12:26:00,"5","Spring","tank",15.14,3.024,17.66,6.692,153.782,2.94168195257931,3.89101529166874,14.0264648573461,14.4325642278263,11.2371270010788,10.501232580157,16.6462135995729,14.6626826446638,10.519264858059,16.4978412494178,14.9894919939526,200
"LKS","lksbawq",2021-05-04 08:00:00,"5","Spring","tank",15.17,2.88,10.221,8.68,166.484,2.57846410201305,3.89486841883009,15.4693201643579,14.1099535463878,10.8654705996173,10.1693405242362,16.1377593022821,14.2107020914986,9.64235382906192,15.242561882018,13.8460520376428,201
"SAP","sapnawq",2021-07-22 12:20:00,"7","Summer","tank",15.21744,5.40704918032787,28.6850655737705,27.5337704918033,104.41606557377,6.03372365287358,3.90095372953846,14.9304174962645,17.7096907667301,18.2951840070829,20.5306448764337,16.6176365852282,18.4288181188762,22.8397361651747,17.6908843207352,18.910423112039,202
"LKS","lksbawq",2021-05-19 13:25:00,"5","Spring","tank",15.3,4.392,17.601,6.062,153.038,4.26951243046062,3.91152144312159,20.2999918351342,19.2760852547894,15.0795748200958,13.9200053501939,21.8698541864936,19.3093976225826,14.04975698114,21.5094597066213,19.5556271708157,203
"LKS","lksbawq",2021-05-19 14:26:00,"5","Spring","tank",15.33,3.122,17.6428,7.348,153.924,3.03640668279647,3.91535439009038,14.6505052424385,14.9295341797453,11.4936338507028,10.7301511464287,16.9967547710041,14.9743267912292,10.754230629387,16.8333743712334,15.2951505736383,204
"SAP","sapnawq",2021-04-29 17:15:00,"4","Spring","tank",15.3548,3.41508196721311,27.9264754098361,25.5083606557377,102.549508196721,3.7726967850606,3.91852012882415,12.5290400590009,13.4555176410605,12.2780247142755,11.4294913356761,10.2902081075775,9.45406044914329,12.6690946484163,10.4013524657349,9.66859121904158,205
"NIW","niwolwq",2021-04-11 14:06:00,"4","Spring","tank",15.38544,1.88545020242915,23.8186598778004,19.7563951120163,35.7781262729124,1.97567152856421,3.92242781960357,18.9663648729161,15.9461845680471,8.46923530213902,8.02260621698615,12.7303257065556,11.6946837532538,8.27125388810995,12.715164716033,11.8181683472415,206
"MAR","marscwq",2021-06-29 10:00:00,"6","Summer","tank",15.4022861864757,0.960327868852459,27.9448196721312,3.40590163934426,8.9088524590164,1.06114703370333,3.92457465038897,10.2408126118285,10.508610011017,6.50791059172556,8.62622471909735,10.536294028232,11.8791790762197,8.34100005351044,10.4811292143251,11.4651737038517,207
"GTM","gtmpcwq",2021-07-16 08:15:00,"7","Summer","tank",15.57,6.98896385542169,14.7797831325301,11.4464096385542,143.481373493976,6.57830068725878,3.94588393138977,15.6053472502538,15.4607076203951,23.9256912906994,25.9911336271296,13.705651752539,14.473210802838,24.8620921902152,14.5198702780971,15.0080203398569,208
"SAP","sapnawq",2021-04-29 18:15:00,"4","Spring","tank",15.6502666666667,3.4855737704918,27.7332295081967,20.705737704918,103.175737704918,3.84076489927997,3.9560417928362,11.446940685503,12.5994920486261,12.4705479853402,11.6009893969893,10.4883668607932,9.63396244605463,12.8540369539998,10.5927072691891,9.8449001430668,209
"LKS","lksbawq",2021-07-14 07:30:00,"7","Summer","tank",15.78,1.971,23.08,4.79,70.21,2.04637357644318,3.97240481320824,12.690117688814,12.8853028187931,8.66363693242785,10.8856625875987,13.1101559115492,14.3609699703051,10.6455341496186,13.49332614055,14.4560842381741,210
"LKS","lksbawq",2021-05-04 09:00:00,"5","Spring","tank",15.82,2.998,10.728,8.554,164.024,2.69875905199655,3.97743636027027,15.672803258105,14.3875702919624,11.169560022895,10.4409133775551,16.5538259483193,14.5805516025248,9.92855386825899,15.6528003816703,14.2197268622769,211
"NIW","niwolwq",2021-06-25 12:29:00,"6","Summer","tank",15.82434,1.621034,27.21078,17.10891,24.04313,1.77400941992528,3.97798190041131,18.8603262384329,16.9350129535769,7.88232662436703,10.0735726525231,11.9208202991761,13.7335130517872,9.98037066931683,12.0988657911341,13.3652146787091,212
"GTM","gtmpcwq",2021-06-29 12:10:00,"6","Summer","tank",16.02,6.9968281938326,5.94259471365639,12.4662775330397,127.164735682819,5.98988069930387,4.0024992192379,10.6574690475286,11.7842597474303,23.9555669685306,26.0198865477916,13.7310556201433,14.4979375347904,22.6806506891902,12.6395203014926,13.1772387334441,213
"NIW","niwolwq",2021-06-24 09:59:00,"6","Summer","tank",16.03581,2.001538,24.88957,15.00279,13.07503,2.12584201030518,4.00447374819713,18.4917237616955,16.790906329968,8.73356511406151,10.9580186647932,13.094126004546,14.9231099786952,10.8436542161136,13.1840450099715,14.4531071604019,214
"NIW","niwolwq",2021-04-10 13:39:00,"4","Spring","tank",16.28319,1.5966875,24.26899375,20.5071666666667,36.9552291666667,1.6825861452585,4.03524348707733,19.1184419422187,15.919547457682,7.8293456497278,7.44693215735452,11.8476208067754,10.8931320611501,7.64258029037522,11.8245108303995,10.9974251738147,215
"SAP","sapnawq",2021-02-10 20:15:00,"2","Winter","tank",16.28736,3.57577777777778,13.4355944444444,12.6181111111111,42.7063333333333,3.31550509370775,4.03576015144607,8.34832836215234,9.46201251514539,12.719092595347,10.4332776197132,10.744694789381,9.56825633151522,10.363097205563,9.16128445348718,8.5914792988739,216
"LKS","lksbawq",2021-06-30 13:22:00,"6","Summer","tank",16.36,2.85875,24.363625,6.55,81.34875,3.01614201468746,4.04474968323134,16.9650873502488,17.1922267315341,10.8111546663079,13.0868679554285,16.0633947339618,17.274627144343,13.1880933463925,16.7613090266981,17.6753249843799,217
"LKS","lksbawq",2021-05-04 07:00:00,"5","Spring","tank",16.63,3.028,10.3924,8.412,166.176,2.71595258824111,4.07798970082074,15.7971494639175,14.3970433829811,11.2475400048989,10.5105278778739,16.660449903278,14.67533866323,9.96980178211685,15.7118799609848,14.2735419025788,218
"SAP","sapnawq",2021-07-22 20:10:00,"7","Summer","tank",16.82624,3.83816666666667,28.7945166666667,11.2298333333333,30.9241666666667,4.28927326409394,4.10198000970263,16.2132072808185,14.8347674232582,13.4560110318341,15.7503621782458,11.5079040317094,13.2849090046883,16.9389773046908,11.8971746180832,13.1429728389139,219
"LKS","lksbawq",2021-06-23 10:24:00,"6","Summer","tank",16.85,3.70571428571429,19.6874285714286,8.99857142857143,84.5785714285714,3.69191411831701,4.10487515035476,20.1130547458532,20.6890519448994,13.0814252810237,15.3757460935534,19.1603406837826,20.3050951488547,15.1206651794613,19.2478722353561,20.1097836979198,220
"LKS","lksbawq",2021-06-23 08:25:00,"6","Summer","tank",16.87,3.54714285714286,19.1928571428571,8.75714285714286,84.5414285714286,3.51323184863029,4.10731055558257,19.2795491193298,19.9973609732923,12.6399273603301,14.9331874833962,18.5597628330115,19.719096924531,14.5968246811152,18.5736767967967,19.4508141628791,221
"SAP","sapnawq",2021-04-29 12:15:00,"4","Spring","tank",16.9510666666667,4.24901639344262,23.9271475409836,22.5081967213115,39.2649180327869,4.45839851205678,4.11716731098782,15.3513019774818,13.2129610589219,14.6515651369938,13.540166321548,12.7555381056892,11.6909658955495,14.5934068792747,12.4087294972456,11.5174913729173,222
"LKS","lksbawq",2021-07-14 08:30:00,"7","Summer","tank",17.13,2.269,23.02,5.047,70.57,2.35401583198407,4.13884041731498,14.0720356551378,14.1614645071634,9.3580308863849,11.6019795307764,14.0680800651644,15.3090421156696,11.4226583558315,14.4916964064132,15.4423146208366,223
"NIW","niwolwq",2021-06-15 14:40:00,"6","Summer","tank",17.2,2.27227799227799,28.668222007722,10.8411583011583,21.1386872586872,2.53506413745355,4.14728827066554,17.833134762898,15.6995050468566,9.36581803205376,11.6099859067489,13.9624963012875,15.7996260195681,11.89279350921,14.5048547738002,15.7719925542188,224
"SAP","sapnawq",2021-06-30 11:00:00,"6","Summer","tank",17.37592,3.42,27.61,13.61,59.52,3.76239943922494,4.16844335453896,12.6084436734302,13.8059927476543,12.2914079702903,14.5830112706755,10.3039718122359,12.0556280131344,15.3298459855467,10.3725561949512,11.6067649480074,225
"MAR","marscwq",2021-07-14 06:48:00,"7","Summer","tank",17.407519625396,2.67923076923077,27.8900769230769,4.84365384615385,66.1182692307692,2.95836740012786,4.17223197166648,13.875424858904,19.0857140246051,10.3577271777998,12.6254060683671,15.964249133763,17.277473403699,13.0289986377576,16.4881575829517,17.411056971616,226
"NIW","niwolwq",2021-06-17 08:30:00,"6","Summer","tank",17.46024,1.97540469973891,25.4728955613577,15.194908616188,40.0692428198434,2.11374654299973,4.17854520138289,16.435986081484,16.8150371344186,8.67370579412368,10.8960841960353,13.0117814634467,14.8398275384645,10.8133815638774,13.1459647421832,14.4150006452533,227
"NIW","niwolwq",2021-06-16 12:30:00,"6","Summer","tank",17.57,1.86968416180031,27.8997765567766,14.0237728937729,17.4405494505494,2.06474233722887,4.19165838302694,18.3863972639824,15.8961224076431,8.43364959209545,10.6473236904281,12.6813127983963,14.5052922283701,10.691166376169,12.9922479310673,14.2611286538533,228
"GTM","gtmpcwq",2021-07-13 12:10:00,"7","Summer","tank",17.67,6.23481042654029,11.1738436018957,14.0438862559242,126.282298578199,5.63955924125565,4.20356991139674,11.1748105693,11.9380533804866,21.1473574174469,23.3077104874268,11.3788185331642,12.2000802489996,21.4294684144909,11.5819354162218,12.1438004727093,229
"SAP","sapnawq",2021-04-29 11:15:00,"4","Spring","tank",17.774,4.62147540983606,23.3519836065574,17.1962295081967,37.2249180327869,4.81446477914131,4.21592220042069,15.2435558571621,13.4994562814201,15.7793710405783,14.5405949151524,13.9420690025716,12.766694111762,15.6462948414987,13.520925161981,12.5413435632477,230
"NIW","niwolwq",2021-06-24 11:46:00,"6","Summer","tank",18.11061,1.900987,25.6375,19.09689,27.11752,2.0384107321893,4.25565623611682,19.9540471010352,18.6946659412432,8.50437687778711,10.7206799458622,12.778718434324,14.6039474862921,10.6257829360782,12.9100241089424,14.1787890898713,231
"GTM","gtmpcwq",2021-08-31 09:57:00,"8","Summer","tank",18.2,7.01110389610389,3.82565800865801,5.82705627705628,190.435800865801,5.87478092830777,4.26614580154031,17.3231628662077,13.8212162725912,24.009846279447,26.0721207633258,13.7772299700195,14.5428765402945,22.2656534157804,12.2869498317418,12.8330433812105,232
"NIW","niwolwq",2021-06-16 09:52:00,"6","Summer","tank",18.29814,1.97953051171207,27.1169438502674,12.6665240641711,32.94064171123,2.16367978712829,4.27763252278641,16.0886025779057,15.5612709001149,8.68314244019524,10.9058504731021,13.0247643959889,14.8529603170164,10.9386282076188,13.3035256433644,14.5726390831372,233
"LKS","lksbawq",2021-07-14 13:30:00,"7","Summer","tank",18.48,2.751,22.91,4.189,69.41,2.8501858348827,4.29883705204094,15.9537552761946,15.8450367672225,10.5378356377228,12.8088982229997,15.6889657700699,16.9066449458906,12.7336940640122,16.1769515345886,17.1014846988981,234
"NIW","niwolwq",2021-06-16 15:45:00,"6","Summer","tank",18.50961,2.44913043478261,28.5427877237851,11.8968030690537,20.705652173913,2.72780435014915,4.3022796282901,19.0687920537165,16.7618562260926,9.7907466486034,12.0460351800697,14.5447845214887,16.3856881354783,12.4037084696252,15.1487833042418,16.4131221683703,235
"GTM","gtmpcwq",2021-07-20 08:30:00,"7","Summer","tank",18.55,8.3618556701031,4.96415979381443,18.0569329896907,132.085463917526,7.08746616284648,4.30697109347161,8.54329862374589,9.64668341082475,29.4235611699566,31.2514027661909,18.4968127501402,19.1095369357755,26.830535488995,16.2521444091237,16.688286491472,236
"LKS","lksbawq",2021-07-14 11:30:00,"7","Summer","tank",18.63,2.314,22.85,4.789,68.41,2.39564912930686,4.31624837098145,14.2548515629443,14.2342753877407,9.46521510108428,11.7121316448073,14.2156681219995,15.4548407921136,11.5299297370808,14.62954313553,15.5782812562455,237
"LKS","lksbawq",2021-06-30 14:22:00,"6","Summer","tank",18.66,4.18375,24.457,6.0675,80.84375,4.41929799292898,4.31972221329104,23.9258838825593,23.1922808751611,14.4582438329353,16.74900706264,21.0287353827273,22.1235898914657,17.3484396956055,22.116452662808,22.9056316305004,238
"NIW","niwolwq",2021-04-11 15:25:00,"4","Spring","tank",18.76098,1.8790977443609,24.5393032581454,14.5271428571429,40.2138847117794,1.98695798071008,4.33139469455278,15.5283159259125,13.3745665880005,8.4548880847948,8.00971149359948,12.7105660388237,11.6767444276189,8.29596034605233,12.7501095890829,11.8503649860232,239
"LKS","lksbawq",2021-06-23 09:27:00,"6","Summer","tank",18.89,3.43375,19.499,8.24125,84.26125,3.41329988947731,4.34626276242015,18.7868083770606,19.5072509543268,12.3288640062752,14.6206810948665,18.1361597933271,19.3053169188145,14.3078820126823,18.2018588900847,19.087057509326,240
"NIW","niwolwq",2021-07-09 11:06:00,"7","Summer","tank",18.95649,1.884496,27.70311,19.97791,47.10074,2.07570834026403,4.35390514366126,19.1454159938401,19.1109871473289,8.46707943102888,10.6820029240257,12.7273566282837,14.5519321266919,10.7184549717937,13.0265676699065,14.2954899226031,241
"NIW","niwolwq",2021-06-17 09:45:00,"6","Summer","tank",19.10412,1.93885117493473,26.3137832898172,11.7479373368146,35.625091383812,2.09719927514033,4.37082600889123,14.9441937964482,15.0001503366814,8.590323872413,10.8097488299661,12.8970391196167,14.7237285401112,10.772035445989,13.0939580411694,14.3629503051905,242
"LKS","lksbawq",2021-08-31 14:40:00,"8","Summer","tank",19.39,3.054,21.48,7.355,46.03,3.10902620798442,4.4034077712608,19.5409820627001,18.0284022040451,11.3153420763754,13.5981695193241,16.7531342001917,17.9515284174424,13.4458935387579,17.0928940054725,18.0006314009252,243
"LKS","lksbawq",2021-06-30 12:23:00,"6","Summer","tank",20.14,2.76125,23.933,6.35375,76.59125,2.89753107006154,4.48776113446338,16.6683881645064,16.692294386628,10.5636852170961,12.8352123963914,15.7243942639719,16.9414797061479,12.8625163965017,16.3426044633473,17.2642288019143,244
"GRB","grbsqwq",2021-08-31 09:20:00,"8","Summer","tank",20.41161828125,3.8963,20.22873,2.9843,65.34,3.90698682169098,4.51792189853366,12.1452740040862,14.2419732018855,13.6220863429074,15.9162048677077,12.5868709467704,12.7865430619692,15.7634382803171,12.5237665425597,12.6187651506458,245
"LKS","lksbawq",2021-07-14 14:30:00,"7","Summer","tank",20.77,2.523,22.59,4.273,69.59,2.60364261884111,4.55741154604234,14.8357640307892,14.8859297284081,9.97102633576511,12.2305487439423,14.9112273523218,16.1410518339527,12.073349655259,15.3279766981901,16.2664752325499,246
"GTM","gtmpcwq",2021-02-08 09:45:00,"2","Winter","tank",20.79,10.3956092436975,8.37095168067227,6.96598739495798,109.337521008403,9.12641556045426,4.5596052460712,22.6860291478691,20.6843210860657,38.6120090642098,32.2032141411184,26.9117335821362,22.7365811100902,29.4740417423121,24.1669344431692,21.5302322029157,247
"LKS","lksbawq",2021-05-04 10:00:00,"5","Spring","tank",20.9,3.278,10.6596,8.838,163.784,2.94864009494487,4.57165178026498,16.6805411569311,15.1359690991859,11.9079222462682,11.0996439434091,17.5622938844783,15.477173781776,10.5364362913558,16.5223733745733,15.0118396029129,248
"SAP","sapnawq",2021-07-22 19:23:00,"7","Summer","tank",20.98032,4.76131147540984,28.7471967213115,24.2634426229508,28.6716393442623,5.31755414603934,4.58042792760676,19.9048028487791,17.58139933473,16.2135904526574,18.4865221899396,14.4011627031109,16.2099278152565,20.3107278193587,15.173713084899,16.416044987936,249
"LKS","lksbawq",2021-04-30 14:45:00,"4","Spring","tank",21.24,2.822,11.8006,7.382,160.226,2.57000098126454,4.60868744872116,14.4334418286076,13.6628216480388,10.7175412710478,10.0371673239097,15.9351930952883,14.0306532766299,9.62237636475364,15.2139054445475,13.8199501923978,250
"SAP","sapnawq",2021-04-29 15:17:00,"4","Spring","tank",21.3638666666667,5.07704918032787,27.4005901639344,30.547868852459,66.6340983606557,5.57000179715698,4.62210630196523,16.1696294755199,14.0015753550883,17.2156972964222,15.8127458529113,15.4651090479251,14.1468331337514,18.0018775840171,16.0389740849415,14.8582367302108,251
"LKS","lksbawq",2021-06-30 07:25:00,"6","Summer","tank",21.4,3.44777777777778,21.7707777777778,8.9,85.4777777777778,3.52236806599612,4.62601340248815,19.6091543622723,19.9918683724596,12.367135452015,14.6591619982581,18.1882984739081,19.3562676381824,14.6233851943819,18.6078575774346,19.484241694042,252
"LKS","lksbawq",2021-06-30 08:23:00,"6","Summer","tank",21.45,3.16125,22.002125,8.2725,86.1525,3.2387957930899,4.63141447076376,18.1983936609938,18.759903421769,11.5971792961767,13.8831943558934,17.1381744773127,18.3288826621817,13.810247771955,17.5615937017636,18.4600879317953,253
"SAP","sapnawq",2021-02-10 19:12:00,"2","Winter","tank",21.51824,3.55577777777778,13.4991333333333,13.1861111111111,43.6924444444444,3.29928530836754,4.63877570054858,8.44715896193323,9.52022219465543,12.6637737779116,10.3870134014196,10.6875948570607,9.51721725707421,10.3234221965539,9.11873587152103,8.55210044339598,254
"LKS","lksbawq",2021-05-04 09:30:00,"5","Spring","tank",21.63,3.406,10.438,8.508,164.738,3.05649317801875,4.65080638169339,17.0441834471266,15.3546914165115,12.2533294627413,11.4074888716248,18.0332385820963,15.8959683267488,10.8043889243741,16.904958653886,15.3603623050387,255
"GTM","gtmpcwq",2021-06-22 12:55:00,"6","Summer","tank",21.77,8.96679723502305,10.3937442396313,13.62133640553,112.483594470046,8.04284917714187,4.66583325891528,14.3442919963025,15.7932017042908,32.026414138735,33.7230022039349,20.8354752352912,21.3565902230953,30.7264164646961,19.7658955157222,20.0816275687081,256
"GRB","grbgbewq",2021-09-23 09:45:00,"9","Fall","tank",22.04206390625,5.498983,20.97505,3.04661,41.90661,5.56385936637188,4.69489764598228,20.7034413958888,20.2963485329267,18.6017610133893,11.7038286813442,18.0342978778207,17.3577711918154,12.490836363379,18.128206566079,17.6260314226279,257
"LKS","lksbawq",2021-06-23 11:24:00,"6","Summer","tank",22.1,3.57375,20.300375,9.08625,84.445,3.58663351219303,4.70106370941726,19.8085695391154,20.3121765636971,12.7134783898209,15.0069944288056,18.6598677883644,19.8168241462526,14.810897802116,18.8491779130231,19.7201866194882,258
"LKS","lksbawq",2021-06-23 07:27:00,"6","Summer","tank",22.18,3.38909090909091,18.9968181818182,7.26272727272727,84,3.34891485819018,4.70956473572665,18.1892130579318,19.0469969963286,12.2074173010177,14.4985093787768,17.9706685166115,19.143556434422,14.1232495285175,17.964292138196,18.8545119582291,259
"LKS","lksbawq",2021-06-30 10:23:00,"6","Summer","tank",22.23,3.265625,22.36,7.619375,84.574375,3.3604657463177,4.71487009365051,18.6083393517206,19.0234972953399,11.874790173051,14.1634170931529,17.5170934285568,18.6998899228625,14.1562849498872,18.006797532016,18.8961264868706,260
"NIW","niwolwq",2021-06-17 11:00:00,"6","Summer","tank",22.30011,2.13617647058823,27.0080909090909,12.7883689839572,30.7992245989305,2.33158055562381,4.7222992281303,16.8277721479075,16.1021877875517,9.04522174070981,11.2798859453427,13.5224803202063,15.3558732903503,11.3650600223993,13.8402090963165,15.1089866511974,261
"SAP","sapnawq",2021-02-10 18:10:00,"2","Winter","tank",22.45288,3.27611111111111,14.0005388888889,12.9466111111111,38.7150555555556,3.05679900157967,4.73844700297471,8.31986833742024,9.10642899376598,11.9028620649611,9.75085486138001,9.90508395531819,8.81781943502173,9.73935191904047,8.4944409845289,7.97416977403824,262
"NIW","niwolwq",2021-06-16 11:12:00,"6","Summer","tank",22.59138,2.11516049382716,27.5847901234568,14.8277283950617,23.2945925925926,2.32615209214772,4.75303902782209,18.9011140255776,17.0014313996674,8.99621480425468,11.2293382136176,13.4551635999113,15.2879150302073,11.3511453427597,13.8226913714551,15.0914941727147,263
"SAP","sapnawq",2021-02-10 16:09:00,"2","Winter","tank",22.64176,4.05183333333333,16.0240944444444,24.545,67.7325555555555,3.86792654328606,4.75833584354867,11.0524265589976,11.4917610815107,14.0714221148361,11.5648405766014,12.1487374777046,10.823418460353,11.7597974987283,10.6695516278226,9.98666628952618,264
"NIW","niwolwq",2021-07-09 13:05:00,"7","Summer","tank",22.73901,3.544521,29.57896,33.26989,148.4282,4.0030810665969,4.76854380288155,17.4287263158532,25.8712290548087,12.6326912203488,14.9259244244705,18.4163716024793,20.2534134911988,16.0549529061898,19.7617519967972,20.9770335619093,265
"LKS","lksbawq",2021-06-30 11:22:00,"6","Summer","tank",22.95,3.06125,23.27125,7.03625,82.3,3.18588120690557,4.79061582680139,17.8190959775275,18.1099454020766,11.3342847515479,13.6173437676413,16.7790246997442,17.9769135177434,13.6610912879741,17.3697121939888,18.2720417353903,266
"GTM","gtmpcwq",2021-06-23 12:20:00,"6","Summer","tank",24.16,8.46153034300792,14.0279577836412,10.5872823218997,111.2827176781,7.89750785185794,4.9152822909778,18.8941017231908,19.3049770088194,29.8448369477244,31.652170155593,18.8725714103756,19.4711856620392,30.1167141281398,19.2091925466608,19.5451628902171,267
"LKS","lksbawq",2021-06-30 09:23:00,"6","Summer","tank",24.21,3.18,22.2358571428571,8.41428571428571,85.9085714285714,3.26736245973184,4.92036584005702,18.3952822834688,18.8944935196808,11.6468075681083,13.9333274617733,17.2059384581085,18.3952567584168,13.8911085731786,17.6656216891364,18.5620074050699,268
"NIW","niwolwq",2021-07-09 12:10:00,"7","Summer","tank",24.49062,3.06089,28.35923,34.93301,105.1247,3.40085819143201,4.94879985451018,22.2324913583573,26.7340210086161,11.3333437759479,13.6163913482957,16.6507480134347,18.4952773016582,14.2721103567193,17.5070812416807,18.7521408031519,269
"NIW","niwolwq",2021-07-09 14:05:00,"7","Summer","tank",24.49461,3.816597,30.76403,28.76911,147.7401,4.3804667172975,4.94920296613505,16.6863846647713,25.0726502919407,13.3946498863787,15.6890491829139,19.4487556285973,21.2775669069795,17.2256435518672,21.2442358731849,22.4348265455282,270
"LKS","lksbawq",2021-05-26 07:26:00,"5","Spring","tank",25.07,4.56636363636364,13.971,11.1818181818182,194.595454545455,4.25927453430717,5.00699510684802,21.271232356818,19.1486149151995,15.6098568976206,14.3903166807255,22.5867925946198,19.9475457868885,14.0205852008594,21.4682798907197,19.5181021778367,271
"GTM","gtmpcwq",2021-06-22 09:25:00,"6","Summer","tank",25.32,9.8686546184739,15.3265220883534,13.755843373494,104.073855421687,9.34630232440379,5.03189825016365,20.2913114692301,20.4768950185909,36.1115825478455,37.5823309270951,24.5804022231508,24.9383859945509,36.4674664746356,25.113978877742,25.2174053427999,272
"SAP","sapnawq",2021-06-30 15:15:00,"6","Summer","tank",25.48664,5.83,28.42,16.17,41.07,6.48276332338159,5.04842945875249,22.0830007301554,20.840353162346,19.7267211841876,21.9276057111346,18.1553533460183,19.9592836856485,24.5010978620801,19.3676388496886,20.5643514784916,273
"LKS","lksbawq",2021-06-23 14:22:00,"6","Summer","tank",25.63,3.83285714285714,21.115,8.48428571428571,82.6071428571429,3.88465488099809,5.06260802353886,21.1036398458928,21.3068463086564,13.4408935475918,15.7352584628867,19.6487928479696,20.7811473780212,15.6960738521383,19.9885871237682,20.8329069804002,274
"LKS","lksbawq",2021-05-26 10:23:00,"5","Spring","tank",25.97,4.89363636363636,14.6000909090909,9.52,194.135454545455,4.59679458034695,5.09607692249636,22.5767534644732,20.2712326559088,16.6299134216396,15.2941665877501,23.9636723543565,21.1733312227189,14.9982874383978,22.8466763160155,20.7742055503666,275
"SAP","sapnawq",2021-06-30 12:43:00,"6","Summer","tank",26.10392,4.83,28.23,13.55,39.21,5.35726164423928,5.10919954591715,19.0353225771326,18.1286811760839,16.4290408108958,18.6988665270792,14.6293966457327,16.4391934551308,20.4470622819951,15.3082200166508,16.5497263219135,276
"SAP","sapnawq",2021-06-30 14:05:00,"6","Summer","tank",26.91112,6.07,27.83,14.56,35.84,6.69709240406496,5.18759289073458,23.1561242575689,21.8643253853496,20.5630130403751,22.7407456912034,19.0581738184812,20.8548799228364,25.3146367358606,20.194724392261,21.3782227451029,277
"LKS","lksbawq",2021-08-31 13:45:00,"8","Summer","tank",27.06,3.222,21.58,7.893,45.74,3.28405124494011,5.20192272145598,20.4953431515479,18.846183575873,11.7583594103993,14.0459534950612,17.3582149618871,18.5443700543654,13.9384570705557,17.7265375013411,18.6216790933512,278
"LKS","lksbawq",2021-06-23 13:27:00,"6","Summer","tank",27.14,3.97,21.0455714285714,8.24714285714286,84.4471428571429,4.02026806947958,5.20960651105244,21.5512799832827,21.8085492645587,13.8340967353266,16.1277046742305,20.1825548363613,21.3008257867641,16.1073735260893,20.5181385760183,21.3493545486665,279
"LKS","lksbawq",2021-08-31 10:25:00,"8","Summer","tank",27.4,3.647,20.62,8.937,47.11,3.67424224931412,5.23450093132096,21.9434895163686,20.5970820781866,12.9170681614955,15.2111263773889,18.936849659625,20.0871171139582,15.0684452959718,19.1806580173501,20.044121751542,280
"SAP","sapnawq",2021-06-30 12:10:00,"6","Summer","tank",27.59288,5.43,28.07,15.29,39.53,6.01000517371129,5.25289253649834,20.7682966135234,19.7480139017962,18.3714808360019,20.6052692504999,16.6993328720377,18.510300350003,22.7536039199392,17.6044279556215,18.8249895272723,281
"MAR","marscwq",2021-05-27 07:04:00,"5","Spring","tank",27.7036220906211,3.21,26.59,3.95,28.81,3.48461462093449,5.26342303929877,18.9215274090607,18.1662632522215,11.7264332031607,10.9378140169999,17.8673721149413,15.8444581014628,11.9012082024216,18.3944247593587,16.7211125655428,282
"SAP","sapnawq",2021-06-30 14:42:00,"6","Summer","tank",27.79816,6.63,28.06,14.17,38.31,7.33721195537708,5.2723960397527,25.5109072884324,24.0368002078315,22.5818746760347,24.6956417804542,21.2499454694453,23.0210393306931,27.8234678581534,22.7678634591037,23.9029739643736,283
"GRB","grbapmwq",2021-09-08 09:15:00,"9","Fall","tank",27.80217421875,5.059333,22.75038,5.736333,74.41617,5.23139857821921,5.27277670859956,18.3108062502108,18.3365429720341,17.1586729736648,10.6503212917009,16.4427201880015,15.8775688316124,11.6131461868889,16.9207665413368,16.4875882288704,284
"LKS","lksbawq",2021-05-26 08:26:00,"5","Spring","tank",27.98,4.46,13.859125,10.43,195.74625,4.15487898315559,5.28961246217528,20.8271023976051,18.8410072995312,15.2852893228057,14.1024924357441,22.1480773326155,19.5570347513354,13.7248520371528,21.0506229304767,19.1375181393702,285
"LKS","lksbawq",2021-05-26 12:23:00,"5","Spring","tank",28.34,5.37666666666667,15.5825,8.97,190.875,5.10688282277298,5.32353266168247,24.8891849633865,22.1705473361686,18.1944257340558,16.678478400161,26.0702726987483,23.0492780132607,16.5383989850678,25.0112025190508,22.7468597996629,286
"LKS","lksbawq",2021-06-23 12:30:00,"6","Summer","tank",28.45,3.78142857142857,20.6111428571429,8.80857142857143,84.6014285714286,3.80926848036273,5.33385414123783,20.6837773223548,21.0795846124898,13.2949038426762,15.5893373531896,19.4504762417483,20.5879225776408,15.4697356977856,19.6972072398367,20.5485519852901,287
"LKS","lksbawq",2021-08-31 11:23:00,"8","Summer","tank",28.57,3.308,20.79,8.918,46.76,3.33954993874688,5.34509120595711,20.7562100220308,19.362723639033,11.988434002193,14.2779832701769,17.6721124850077,18.8515753929687,14.0964942824482,17.9298676226475,18.8208065193632,288
"LKS","lksbawq",2021-05-26 14:24:00,"5","Spring","tank",28.98,4.90142857142857,16.143375,8.13875,191.19875,4.68533989894168,5.38330753347791,22.498223267634,20.7988311940902,16.6545939458653,15.3160223322777,23.9969516870918,21.2029620443122,15.2602346691625,23.2153870372536,21.1102184127051,289
"MAR","marscwq",2021-05-27 10:03:00,"5","Spring","tank",29.3177248312905,2.82,27.39,6.27,23.59,3.09337617427173,5.41458445601234,18.7131311950815,17.0834301427004,10.7124583438173,10.0326250477402,16.4585508008155,14.5879596856651,10.8967938947281,16.9672685231923,15.420775828803,290
"LKS","lksbawq",2021-08-31 12:50:00,"8","Summer","tank",29.79,3.089,21.29,8.086,46.03,3.13739974280931,5.45802161959808,19.8824122343819,18.3666515946457,11.4069358419398,13.6908596648379,16.8783075091681,18.0742428858922,13.5251418843229,17.1948315689583,18.1005949169372,291
"SAP","sapnawq",2021-07-22 18:10:00,"7","Summer","tank",30.22472,7.12377049180328,29.1869016393443,34.3444262295082,39.0377049180328,8.0030070851778,5.49770133783202,16.7501914627973,15.2495892005398,24.44038441697,26.4862011408244,23.2814457930428,25.0197873653445,30.5586722481949,25.6078676878613,26.6784666775802,292
"NIW","niwolwq",2021-07-09 15:00:00,"7","Summer","tank",30.55143,3.893251,31.16232,27.04044,123.7384,4.49300771630076,5.52733480078781,18.8315323968599,24.9062507375751,13.6133506489507,15.9074851025068,19.744700081358,21.5706700481891,17.5827316269922,21.6967086764964,22.8790368329394,293
"LKS","lksbawq",2021-05-26 11:27:00,"5","Spring","tank",31.34,4.37333333333333,15.1783333333333,9.055,192.918333333333,4.13491105059751,5.59821400091136,20.0987727658949,18.8243609875623,15.0233479727447,13.8701187458708,21.7937868377416,19.241694817677,13.6686457320861,20.9712043136128,19.0651500224401,294
"GTM","gtmpcwq",2021-06-24 10:20:00,"6","Summer","tank",31.38,12.7394796380091,8.90738235294118,11.4577375565611,104.875203619909,11.2474677393468,5.60178542966437,21.3379872160717,24.7322871094834,50.7478354084145,51.2592674934317,38.5609298232296,38.1879534259252,45.7222315874621,34.0612362828712,33.7556212899379,295
"NIW","niwolwq",2021-07-09 16:17:00,"7","Summer","tank",31.78833,3.753499,30.57997,24.56483,95.11572,4.29719048105192,5.63811404638111,20.849257921762,24.2180674962101,13.2159545028608,15.5103760662102,19.206824771133,21.0378025447106,16.9637696938662,20.9124918413302,22.1089304760418,296
"LKS","lksbawq",2021-08-04 11:00:00,"8","Summer","tank",34.23,6.142,23.4,9.263,59.69,6.40231515499129,5.85064099052403,35.1805581019496,32.1321735951864,20.8172859406455,22.9875743828885,29.5897372083019,30.3869375493137,24.1991665511271,30.9485267598666,31.4517469153908,297
"SAP","sapnawq",2021-07-22 17:16:00,"7","Summer","tank",34.5716,6.80114754098361,29.7790491803279,15.5193442622951,46.9275409836066,7.70183549730428,5.87976189994119,26.912847782762,24.7530964980681,23.2177382115301,25.3091784562581,21.9435912411142,23.7044118570957,29.3055247078967,24.302525729107,25.4040977092638,298
"NIW","niwolwq",2021-06-25 16:17:00,"6","Summer","tank",36.03768,3.996676,29.82564,44.75871,49.93917,4.52882031241344,6.00313917879637,29.8697244173635,27.1376121300139,13.9112382377992,16.2046019313353,20.1475431735737,21.9693155161544,17.6971319106723,21.8416937833941,23.0213059923978,299
"LKS","lksbawq",2021-08-04 13:00:00,"8","Summer","tank",36.28,6.326,23.53,9.198,60.65,6.60481681998864,6.02328813855024,36.348080705536,33.1368667967481,21.4741930753901,23.624411835659,30.469096444249,31.230625048566,24.962753218298,31.9337424494536,32.4005418629235,300
"MAR","marscwq",2021-05-27 13:55:00,"5","Spring","tank",36.7134003580774,3.66,27.86,6.09,21.71,4.03971404110213,6.0591583869443,23.5165744998444,21.1076994463447,12.9533691079295,12.0308370672289,19.5648146950414,17.3587558742603,13.4022679947433,20.5181876430528,18.6563717293728,301
"LKS","lksbawq",2021-08-04 12:00:00,"8","Summer","tank",39.22,7.613,23.83,8.677,60.79,7.97842603362208,6.26258732474047,45.020199812299,40.5981116993968,26.3542762137562,28.3220923845819,36.9798337265904,37.4548538663959,30.4554094805169,39.0241535998042,39.2085890627518,302
"LKS","lksbawq",2021-08-04 10:00:00,"8","Summer","tank",39.48,5.106,23.32,9.64,61.31,5.31710413324778,6.283311228962,29.4990132122627,27.1757429238175,17.3090869515461,19.5643205026118,24.8789062149157,25.8522519408997,20.3091853278821,25.9317645825724,26.6073693109506,303
"NIW","niwolwq",2021-06-24 13:29:00,"6","Summer","tank",39.97182,4.10240286909743,27.7294,54.45566,50.69582,4.52022275589919,6.32232710321129,29.6122926290988,27.3970265613454,14.2190881778979,16.5111731032692,20.5635570533616,22.3806061726015,17.6696339112276,21.8068430601581,22.9871111054012,304
"NIW","niwolwq",2021-06-24 14:57:00,"6","Summer","tank",41.97879,4.3765206185567,28.6481726804124,37.9855154639175,62.3304896907216,4.88135410310881,6.47910410473547,25.607926312583,25.2127201403336,15.0329411268579,17.3193993370732,21.6619546485685,23.4647229210501,18.843070200423,23.2946740755018,24.4453177128098,305
"GTM","gtmpcwq",2021-06-17 12:30:00,"6","Summer","tank",42.63,18.956333938294,11.9133121597096,6.22306715063521,99.3535390199638,17.2847883280478,6.52916533716217,75.5716224649864,76.2180495659224,90.9571740076996,88.1370889892036,79.5794498466248,76.5193873609562,82.0427701639924,71.4950749006804,69.1087250202374,306
"SAP","sapnawq",2021-07-22 16:14:00,"7","Summer","tank",45.6128,8.8355737704918,29.6207868852459,27.6367213114754,76.5272131147541,9.98428555050202,6.75372489815805,20.4081887096944,19.6933296995683,31.4524372456985,33.1788765918203,31.0421911800523,32.593198748615,39.4565852669349,35.0463301400086,35.8394056096363,307
"NIW","niwolwq",2021-06-25 14:52:00,"6","Summer","tank",46.75482,4.043596,28.85762,62.34971,39.52814,4.52266115398156,6.83774962981243,33.7166629285331,29.0308784974512,14.0474416110515,16.3402990543252,20.3316392127317,22.151369385632,17.6774305910647,21.8167244296758,22.9968067147455,308
"LKS","lksbawq",2021-08-04 09:00:00,"8","Summer","tank",47.06,6.507,22.57,9.7,61.62,6.71332619051705,6.860029154457,35.9053273326368,33.2777818331007,22.1303458179631,24.2593556382325,31.3466810548982,32.0718283551979,25.3767973726917,32.4680167922875,32.9147498670493,309
"GRB","grborwq",2021-09-07 10:55:00,"9","Fall","tank",59.7533825,10.5,22.03123,7.107167,73.8565,10.7614035657443,7.73003120951009,49.5347433125367,46.2454461156925,39.1172806984234,27.1838998272999,41.3124574157873,38.837267764616,30.3689724396176,42.4147915543199,40.3651044761111,310
"GRB","grborwq",2021-09-30 09:15:00,"9","Fall","tank",84.4487659375,21.35933,18.99203,5.338833,41.93517,21.1049312140315,9.18960096726185,138.65918106439,144.315033609276,109.620796265223,82.9301751135045,124.610562680273,114.863602660766,89.1954021782528,121.003871631435,113.252369873433,311
