"reserve","station","datetime_collected","month","season","method","extracted","sensor_rfu","temp","turb","fdom_qsu","rfu_temp_corrected","response","preds_ols","preds_nofdom_ols","preds_rfu","preds_rfu_season","preds_rfu_reserve","preds_rfu_season_res","preds_tc_rfu_season","preds_tc_rfu_reserve","preds_tc_rfu_season_res","rownum"
"HEE","heekkwq",2021-02-10 13:30:00,"2","Winter","tank",0.23,0.0903370786516856,25.5355820224719,1.81487640449438,0.527505617977529,0.0967411793892632,0.479583152331272,0.721917807257793,0.30555225111533,4.8898493079121,3.9180952460465,0.502133751860196,0.27617434180459,3.97549551050718,0.492852076369173,0.360977223082931,1
"HEE","heekkwq",2021-05-10 16:30:00,"5","Spring","tank",0.312,0.0954534005,26.35461335,1.010906801,4.325264484,0.103303744378791,0.558569601750758,0.525890457389825,0.296106521269882,4.89865391142697,4.79145897234244,0.505309672173005,0.329588001718741,4.67394098367816,0.496869643300604,0.348777567731682,2
"HEE","heekkwq",2021-05-10 14:30:00,"5","Spring","tank",0.3315,0.1117346939,27.01292942,1.735807823,2.456028912,0.121963188614495,0.575760366819391,0.750167909358964,0.381434050039231,4.92672485152032,4.81710130310944,0.51548279259292,0.337380341786261,4.70474685355944,0.50838196241016,0.358007918931761,3
"HEE","heekkwq",2021-02-10 11:30:00,"2","Winter","tank",0.35,0.118025974025974,23.7007376623377,0.82012987012987,1.75225974025974,0.12349119570777,0.591607978309962,0.466089773752934,0.25633195151122,4.93759326967417,3.9575762224077,0.51944096177792,0.288365966373313,4.01626245081632,0.509330537520344,0.374475179375273,4
"HEE","heekkwq",2021-02-10 09:30:00,"2","Winter","tank",0.43,0.137894736842105,21.725811505508,1.26104039167687,5.61876376988983,0.140800642315337,0.6557438524302,0.433526354646185,0.373901499191532,4.97199591543908,3.98602861333883,0.532040825678456,0.297276595483673,4.04275281346277,0.520137846163941,0.383341487037916,5
"HEE","heekkwq",2021-02-10 15:30:00,"2","Winter","tank",0.43,0.176685606060607,24.3376382575758,1.80456439393938,3.6854734848485,0.186352149905357,0.6557438524302,0.693652921612349,0.401858297370727,5.03950628939164,4.04187147768607,0.557075380886991,0.315064059355439,4.11288088796505,0.549120491995375,0.407169751258599,6
"HEE","heekkwq",2021-08-09 16:00:00,"8","Summer","tank",0.4365,0.2149485597,27.99739918,0.4231069959,3.393580247,0.237679881086356,0.660681466366357,0.623919336970494,0.825475508841034,5.10654389154884,7.11391400394543,0.582333061889494,1.03646104248273,6.61444995538888,0.582719823726539,0.896623759319915,7
"HEE","heekkwq",2021-09-08 15:30:00,"9","Fall","tank",0.4365,0.216934189406099,26.819,0.68,5.4,0.23619501529226,0.660681466366357,0.5845548732509,0.60656025425807,5.11003485133227,2.32743088744914,0.583659075399873,0.897343782802676,2.26797333388381,0.581733811927577,0.819766915622538,8
"HEE","heekkwq",2021-08-09 09:00:00,"8","Summer","tank",0.442,0.1672265625,26.35416016,0.9533007813,12.6325,0.180978662389612,0.664830805543786,0.432962697091089,0.93808218715221,5.02300210547876,7.02274869174012,0.550917716383279,0.996585629596396,6.5037392063995,0.545660674358243,0.852501949033987,9
"HEE","heekkwq",2021-09-08 09:30:00,"9","Fall","tank",0.442,0.173374125874126,26.887,0.85,10.32,0.188934687565135,0.664830805543786,0.477608333819932,0.586160096563825,5.0337253235916,2.27992489120104,0.554915774667969,0.863470369121936,2.21403598925778,0.550787196099891,0.784546045998242,10
"HEE","heekkwq",2021-04-13 09:00:00,"4","Spring","tank",0.5,0.30934693877551,24.7058,1.54204081632653,11.2929591836735,0.327793584261952,0.707106781186548,0.645721753434388,0.602774671464638,5.27382646806818,5.13378784992076,0.647041059806042,0.439217471518303,5.05127757508011,0.64412186899138,0.467826158839572,11
"HEE","heekkwq",2021-09-22 07:30:00,"9","Fall","tank",0.51,0.203543441226576,23.4737597955707,0.978994889267462,8.28867120954004,0.212365442545957,0.714142842854285,0.457087186984517,0.76653051495757,5.08651551645539,2.31277497883526,0.57474587281139,0.886861420541839,2.24069594619227,0.566024212861035,0.801911211834009,12
"HEE","heekkwq",2021-08-09 12:00:00,"8","Summer","tank",0.515,0.5687209302,28.31504651,0.7729900332,9.84551495,0.631517120766039,0.717635004720366,1.00492545497937,1.40230586795046,5.74734153826284,7.80807387083129,0.842384048742308,1.35645680770099,7.40921223610452,0.87372242010613,1.23380421185673,13
"HEE","heekkwq",2021-09-08 12:30:00,"9","Fall","tank",0.515,0.216611570247934,27.257,0.83,11.5,0.237196473902422,0.717635004720366,0.505130972292781,0.615680366943107,5.10946756949867,2.32707724297823,0.583443526099712,0.897090510483437,2.26912330341498,0.5823987298654,0.820521622117461,14
"HEE","heekkwq",2021-08-09 07:00:00,"8","Summer","tank",0.52,0.2545517241,24.47064414,1.189682759,15.88096552,0.268929511294032,0.721110255092798,0.445806438406881,1.19342189841336,5.17639605805211,7.19001596744148,0.609065155471929,1.07014643496194,6.67586512837894,0.603664541641414,0.921416325581736,15
"HEE","heekkwq",2021-04-13 13:20:00,"4","Spring","tank",0.57,0.152380952380953,26.8401043956044,0.743846153846155,9.05655677655679,0.165955925581223,0.754983443527075,0.461794172423512,0.29454664839663,4.99715399623982,4.88141606762068,0.541322497437413,0.357231280139331,4.77777731736771,0.536046026620395,0.380247156390558,16
"HEE","heekkwq",2021-09-22 15:00:00,"9","Fall","tank",0.585,0.236720741599073,26.7695075318656,0.758261877172653,2.93122827346466,0.257572362689888,0.764852927038918,0.670579236577799,0.642486163403262,5.14488699717176,2.34917161146277,0.596955019118341,0.912945553248508,2.29258412176917,0.596009763216812,0.835952446923003,17
"HEE","heekkwq",2021-09-08 07:30:00,"9","Fall","tank",0.6,0.155540540540541,25.271,0.78,9.53,0.166004508118044,0.774596669241483,0.417668420890219,0.61284095616928,5.00264965862491,2.26061715502427,0.543357584840431,0.84979053755399,2.18810007167431,0.536076982014966,0.767735904861173,18
"HEE_w2","heew2wq",2020-11-12 09:30:00,"11","Fall","tank",0.61,0.511970802919707,23.9306919708029,9.68199999999999,72.2472992700729,0.537223483607362,0.781024967590665,0.638191235831282,0.704523154752012,5.64199862493486,2.66208830437111,0.760722142575952,0.758985474342594,2.62676671388844,0.759240090239903,0.757854304315298,19
"HEE","heekkwq",2021-04-13 11:30:00,"4","Spring","tank",0.64,0.185755693581781,26.3434285714286,1.20175983436853,13.274099378882,0.201003644024397,0.8,0.479018059617603,0.390517739367951,5.05535724381822,4.93454395289062,0.563011981713993,0.373955172518525,4.83636107681802,0.558609673857692,0.398444068995113,20
"HEE","heekkwq",2021-09-22 09:00:00,"9","Fall","tank",0.655,0.255085910652921,25.7957800687285,0.875481099656357,16.3025945017182,0.274082549647882,0.809320702811932,0.423404635912734,0.717934951543069,5.17734150110362,2.36944101242564,0.60942983112267,0.927546880218538,2.31168246109061,0.607153825260394,0.84856117219243,21
"HEE","heekkwq",2021-04-13 15:45:00,"4","Spring","tank",0.67,0.164841628959276,25.6764411764706,0.371515837104072,1.44938914027149,0.176846458440965,0.818535277187245,0.509108535161154,0.289490000856725,5.01884513515116,4.90121807097628,0.549370570145366,0.363430501534745,4.79594307944274,0.543007516806787,0.385856019236276,22
"HEE_w2","heew2wq",2020-11-12 06:50:00,"11","Fall","tank",0.69,0.454369369369369,23.257,10.68,73.69,0.47278404430535,0.830662386291807,0.770160212473183,0.858438609953586,5.53607186555101,2.59498617003249,0.717416330448923,0.717964302663704,2.5477465074459,0.711162175761323,0.711891686733123,23
"HEE_w2","heew2wq",2020-11-12 14:50:00,"11","Fall","tank",0.7,0.43,25.79,10.58,65.33,0.461988447774299,0.836660026534076,0.85243498566283,0.733853166107702,5.49155973541482,2.56685519226574,0.699477004807549,0.700952561872585,2.53462620470342,0.703261421659649,0.70433213549244,24
"HEE","heekkwq",2021-09-22 12:00:00,"9","Fall","tank",0.745,0.265715948777648,28.0779196740396,0.561303841676368,5.40415599534342,0.294129216488002,0.863133825081603,0.666776531205405,0.596920635201676,5.1961732847314,2.38121303303832,0.616709384700563,0.936051279116327,2.33497815238663,0.620823698946318,0.863997552421045,25
"PDB","pdbgswq",2021-02-04 10:45:00,"2","Winter","tank",0.75695574,0.245821206,7.87131,0.801917,5.7690644,0.214682909145123,0.870032033893006,1.66902059694598,1.07163488193971,5.16095637415313,4.14236136562644,1.97297554542327,1.29089495642526,4.15680119898111,2.10715536953356,1.65470060465884,26
"HEE","heekkwq",2021-03-12 13:30:00,"3","Spring","tank",0.9,0.308494077834179,25.2462436548223,0.750067681895093,3.08047377326565,0.32914397298886,0.948683298050514,0.676018854976525,0.466696155735506,5.27230305168484,5.13239942423955,0.646441185312324,0.438749142567796,5.0535917088954,0.645065387934942,0.468595075662792,27
"HEE_w2","heew2wq",2020-11-12 11:50:00,"11","Fall","tank",0.93,0.477608200455581,25.296722095672,9.60093394077449,67.5319817767655,0.509906624211645,0.964365076099296,0.66093965549219,0.624387208800904,5.57868635979345,2.62195490757839,0.734734996669395,0.7343768298827,2.59312148940343,0.738667127935023,0.738194497707331,28
"HEE","heekkwq",2021-03-12 09:00:00,"3","Spring","tank",0.95,1.49389210019268,24.1106801541425,1.32431599229287,20.2737572254335,1.57112604198479,0.974679434480896,2.02485206875911,2.31220683606612,7.60212056842642,7.24342778783829,1.74873947425669,1.33081437919877,7.40634006112636,1.80521545310289,1.44311153234545,29
"PDB","pdbbywq",2021-02-04 12:03:00,"2","Winter","tank",1.0499156,0.451981481,6.83057,3.168963,12.861093,0.390484442658137,1.02465389278527,2.56411224295997,1.92652324304836,5.5317023025695,4.44934497016225,2.23437298313952,1.49232662977404,4.43455569280337,2.33509236756195,1.84823483789755,30
"SAP","sapnawq",2021-02-10 11:41:00,"2","Winter","tank",1.10128,1.09027624309392,14.7564585635359,14.1756906077348,50.7492817679558,1.02594356052243,1.04941888681308,6.60748855519325,6.61539706617752,6.7611093974622,5.46937386710804,4.797588977563,4.25976793035764,5.5134491645173,4.11722167087588,3.91497298998466,31
"HEE","heekkwq",2021-03-12 11:30:00,"3","Spring","tank",1.15,0.459185803757829,25.345661795407,0.835949895615868,5.07983298538622,0.490544914855507,1.07238052947636,0.827828345469318,0.623431878918148,5.54489063936851,5.38063440856824,0.75675086814653,0.525375531522327,5.33399829686132,0.762810076589472,0.565044904656118,32
"PDB","pdbbywq",2021-03-03 09:07:00,"3","Spring","tank",1.160418,0.455951941,7.97837,0.7644,6.5007,0.398642007405242,1.07722699557707,1.86279641621638,1.49555903770764,5.53896874140188,5.37524570405174,2.23956681357088,1.61215841121498,5.17340456945239,2.34595326023086,1.82228880305095,33
"GTM","gtmpcwq",2021-01-11 09:45:00,"1","Winter","tank",1.23,1.62459677419355,6.27333870967741,2.8733870967742,63.0190322580646,1.39551845469792,1.10905365064094,2.21247945560842,1.82702936987916,7.88503340658262,6.40412008013698,1.84192762323863,1.30208926112388,6.19489346539069,2.42303926494818,2.04793600234838,34
"HEE","heekkwq",2021-05-10 07:30:00,"5","Spring","tank",1.25,0.4395212038,23.59914637,1.820492476,20.45065663,0.459289512988159,1.11803398874989,0.623732918657815,0.826060868474322,5.5089294055729,5.34790826737383,0.741863202459006,0.513628702981352,5.27910628171833,0.739238558052492,0.545663132610042,35
"PDB","pdbgswq",2021-03-03 10:30:00,"3","Spring","tank",1.29861739,0.434314815,8.80012,0.66687,5.5885741,0.383015329170358,1.13956894920843,1.87849137497019,1.40824076210529,5.49942791672889,5.33926042597073,2.21133600009,1.58946937426477,5.14634224258718,2.32517017042661,1.80477711155946,36
"SAP","sapnawq",2021-04-29 19:15:00,"4","Spring","tank",1.3148,2.46295081967213,27.5071967213115,18.9873770491803,71.536393442623,2.70587393535027,1.14664728665793,11.0890233723988,10.5279091732979,9.82256252561071,9.23867287489565,7.78756468579112,7.1781665305364,9.9478517339845,7.6180505005575,7.10026936486342,37
"SAP","sapnawq",2021-07-22 13:20:00,"7","Summer","tank",1.42464,6.36081967213115,30.3384918032787,64.3996721311475,94.5232786885246,7.25818363918419,1.19358284169973,6.58514016519141,7.40155580734277,21.6236229746466,23.7679548318708,20.2067171042185,21.9861062172202,27.542042626636,22.4763918987621,23.6113003055675,38
"SAP","sapnawq",2021-07-22 15:20:00,"7","Summer","tank",1.57944,8.42196721311475,30.095868852459,39.8845901639344,100.074754098361,9.57839927506399,1.25675773321671,10.2732238762074,10.9286200124736,29.7218673502833,31.5366933053519,29.1226822146097,30.7256484849754,37.6076818752709,33.068507213394,33.9251042745918,39
"GND","gndblwq",2021-06-11 07:41:00,"6","Summer","tank",1.73,1.63,27.06,6.2,42.85,1.78030846695159,1.31529464379659,8.9280883650582,7.63234540483984,7.89684004363156,10.0843224316718,7.94363518485335,8.12468009814505,9.98498366394728,8.07692065386915,8.20170984236634,40
"NIW","niwolwq",2021-04-03 16:00:00,"4","Spring","tank",1.95909,0.408755186721992,16.0674315352697,4.89817427385892,17.5264315352697,0.390395527623549,1.39967496226803,5.96737080609579,5.67559727490885,5.4529013884356,5.29690724025625,8.54069195717767,7.88493574572266,5.15911444803033,8.27307021177253,7.71976580388525,41
"GRB","grbapwq",2021-06-07 14:00:00,"6","Summer","tank",2.02353,0.814166666666667,20.7080333333333,3.17,12.3575,0.821119205145118,1.42250834795442,4.66865269168617,4.34491711717891,6.2141725326013,8.30866307865327,4.84249372715977,5.28671021567905,7.80790313041879,4.82570347927317,5.14836312535789,42
"GRB","grbapwq",2021-06-07 10:30:00,"6","Summer","tank",2.06768078125,0.71,20.8204333333334,3.47033333333333,13.0316666666667,0.717035049685912,1.43794324688077,4.56009361239488,4.21333166826081,6.01382421640345,8.09431447242648,4.64408454787282,5.09006908887509,7.58774394399979,4.62877267765337,4.9537129712666,43
"SAP","sapnawq",2021-02-10 14:13:00,"2","Winter","tank",2.06936,0.855,16.1446444444445,12.2061111111111,95.7531666666666,0.817317581817472,1.43852702442464,4.31025516571587,5.39156491840891,6.29360472709778,5.08115075571498,4.35745523296401,3.86681651399871,5.1463006443018,3.75706279175443,3.57900313267122,44
"HEE","heekkwq",2021-03-12 15:30:00,"3","Spring","tank",2.16,0.706649484536082,24.742918814433,1.20895618556701,7.49436855670106,0.749140017086877,1.46969384566991,1.13407396120442,0.996276747334186,6.00743451695344,5.80100000900653,0.956742243050862,0.684552133101483,5.7990452251415,0.972023323696587,0.738377992317471,45
"SAP","sapnawq",2021-04-29 14:15:00,"4","Spring","tank",2.32053333333333,7.05180327868852,26.1765245901639,33.8350819672131,60.592131147541,7.61421281044056,1.52332968635596,13.467560441316,11.5936058843171,24.195277996963,21.9789402322005,23.0146682128164,20.9839701059261,25.2512773201788,23.9693103555651,22.1545536504511,46
"PDB","pdbbywq",2021-07-14 07:50:00,"7","Summer","tank",2.37155218,0.909317804,11.146,0.7838,7.2659,0.822255566046038,1.53998447394771,2.70093262254671,3.15657306739728,6.4000498016596,8.50690800036128,2.87227427601045,3.43002798359625,7.81032413977523,2.94457841871018,3.33644578627441,47
"NIW","niwolwq",2021-04-03 14:45:00,"4","Spring","tank",2.4738,0.462426778242678,14.9184811715481,3.71991631799163,13.8245606694561,0.4359357099618,1.57283184097983,5.41173205961377,5.34999732256832,5.55082873484005,5.38603767227483,8.67842826145538,8.01033902951205,5.23827669756553,8.38745556166913,7.82541717702757,48
"PDB","pdbgswq",2021-07-27 11:47:00,"7","Summer","tank",2.68137853,1.045051975,15.0001,0.5646,5.7423,0.986091365888913,1.63749153585599,3.36053377576137,3.15621918553622,6.66994653108214,8.7937517727563,3.07699348254248,3.64153862675093,8.1633027411368,3.19432417677834,3.59012213155083,49
"SAP","sapnawq",2021-04-29 20:15:00,"4","Spring","tank",2.69173333333333,4.08639344262295,25.9480163934426,19.8675409836066,48.0495081967213,4.39931904937313,1.64065027758305,15.4392011286898,13.1253466892839,14.1790886830576,13.1245201207798,12.2539519249721,11.2356573506295,14.4366370852329,12.2286598840595,11.3517145787093,50
"NIW","niwolwq",2021-04-03 13:30:00,"4","Spring","tank",2.77704,0.466853448275862,14.5755387931035,4.88625,15.2280172413793,0.438413794486553,1.66644531863485,5.97634203718153,5.93906388595799,5.55894438960168,5.39342207621253,8.68983751685698,8.02072607685923,5.24260162936725,8.3937024093764,7.83118683224097,51
"GTM","gtmpcwq",2021-09-13 09:03:00,"9","Fall","tank",2.86,4.22727520435967,8.60049863760217,3.64158038147141,195.148855585831,3.72013499923881,1.69115345252878,8.68754011030853,7.6044128776329,14.5947467074879,8.79952918016758,6.22675765100708,6.7025922266728,8.0318178216099,6.59524779909442,6.99520649621194,52
"SAP","sapnawq",2021-04-29 22:15:00,"4","Spring","tank",2.87066666666667,4.0327868852459,23.1280327868852,44.1283606557377,30.7080327868853,4.18950436191285,1.69430418363016,18.3679667651079,14.912525896485,14.0225048515616,12.9853459891849,12.0903771548974,11.0872264027783,13.8352514554246,11.5984754584984,10.7710792772714,53
"PDB","pdbbywq",2021-08-11 10:45:00,"8","Summer","tank",2.98239626,0.936728281,13.4629,0.5526,6.4681,0.868809022214401,1.72696156876753,2.95485645384011,3.01802768324122,6.45410422396088,8.56445064820009,2.91304792869111,3.47223104784268,7.90982857793913,3.01450916843216,3.40758196500107,54
"HEE","heekkwq",2021-05-10 10:30:00,"5","Spring","tank",3.13,1.150373998,25.77461888,1.209278718,17.38341941,1.23570811777832,1.76918060129541,1.63172697868334,1.6191890326808,6.88321166039355,6.59434074833181,1.37399677482103,1.02263807755516,6.72675534557196,1.43432414008335,1.12728607254186,55
"GRB","grbapwq",2021-09-15 07:30:00,"9","Fall","tank",3.16375953125,1.055667,17.3049,2.287833,48.47917,1.02270535328788,1.77869601991178,3.44047358544595,4.01684558983984,6.69128867453154,3.33765934709942,5.31845049129037,5.41844055177914,3.26089366485138,5.21877820098389,5.34534646785704,56
"SAP","sapnawq",2021-02-10 22:14:00,"2","Winter","tank",3.22472,1.61811111111111,14.4408111111111,8.36816666666666,52.5841111111111,1.51724383367152,1.79575053946811,4.70765288479158,5.20196325666078,7.87087319031489,6.39233211209288,5.86204519533329,5.21051300461663,6.42802814189872,5.03048021823255,4.76569006767786,57
"NIW","niwolwq",2021-04-04 15:15:00,"4","Spring","tank",3.5511,0.468493827160493,16.8943580246914,4.10254320987654,17.6165925925926,0.45171731734907,1.8844362552233,5.73243626373344,5.36118871330673,5.56195329086074,5.39615977898888,8.69406731635959,8.02457688536605,5.26585040495063,8.42727817667105,7.86219740027645,58
"GTM","gtmpcwq",2021-02-02 08:15:00,"2","Winter","tank",3.59,2.87030409356725,5.21979532163743,2.32085380116957,97.6065029239767,2.43917536752454,1.89472953214964,3.90611308288732,3.34469146024521,10.840762851469,8.8695892113843,3.61735113238945,2.74668055537776,8.33357402339598,4.04306616300479,3.47934052819669,59
"LKS","lksbawq",2021-06-09 10:25:00,"6","Summer","tank",3.64,2.54842105263158,21.977,8.58210526315789,125.171578947368,2.61013060487366,1.90787840283389,13.6058106666707,16.5805933861398,10.0320380416897,12.2888548034799,14.9899392129736,16.2150661139635,12.0841616230643,15.3436700951335,16.2771349771874,60
"NIW","niwolwq",2021-04-04 13:50:00,"4","Spring","tank",3.97005,0.512920353982302,16.1899056047198,4.84410029498524,19.1122713864307,0.490568237685296,1.99249843161795,6.10951819072667,5.87098704146009,5.64375322207993,5.47056939460858,8.80901473745421,8.1292201281043,5.33403936337455,8.52571475720198,7.95310983800651,61
"MAR","marscwq",2021-01-26 11:00:00,"1","Winter","tank",4.03922868333836,0.68,18.12,5.53,6.12,0.665048167022396,2.0097832428743,8.75169750071493,8.71807782080283,5.95673276994674,4.80165541165051,9.75246587577512,8.34305483984282,4.88631603367325,9.39161903109562,8.59877814357745,62
"GTM","gtmpcwq",2021-02-05 09:00:00,"2","Winter","tank",4.08,2.90100977198697,4.25267589576547,2.17780130293161,85.3705537459281,2.44127535284867,2.01990098767242,3.67274051538486,3.34540759057917,10.919548004047,8.93541997285666,3.66860909681099,2.78901906579435,8.33819646501308,4.0467416864642,3.48260089452529,63
"NIW","niwolwq",2021-02-20 15:38:00,"2","Winter","tank",4.24137,0.783698630136988,11.9049259259259,6.18767676767676,69.3662962962963,0.71452773367299,2.05945866673745,5.99452920335953,7.00199641135354,6.15523234892809,4.96631980086131,9.52593790371069,8.50850725914209,4.97005833303702,9.10430517536963,8.5631136251859,64
"GRB","grbapwq",2021-06-28 10:45:00,"6","Summer","tank",4.3803271875,1.0105,22.5230666666666,4.18033333333333,6.48133333333333,1.04193793883703,2.09292312030328,6.16270378274703,5.08695198149657,6.60071379217054,8.72028265181698,5.22773803200849,5.66747096655804,8.28540501338877,5.25708410227028,5.57374150189453,65
"GND","gndblwq",2021-06-11 10:33:00,"6","Summer","tank",4.39,1.679463722,28.05616088,6.404794953,56.6381388,1.85851511989406,2.0952326839757,8.36652868357663,7.82787102439911,8.00533420491966,10.1975047181331,8.06603386746387,8.24195294621606,10.1742792795776,8.2715049661816,8.38914719857333,66
"SAP","sapnawq",2021-04-29 10:15:00,"4","Spring","tank",4.41168,5.19403225806451,22.8954354838709,14.1756906077348,38.6174193548387,5.38032942329314,2.10039996191202,16.1942359669725,14.7847549872619,17.6090543841989,16.1662126406611,15.8797731232665,14.5234750347199,17.4182321636867,15.3963394811378,14.2687726831937,67
"NIW","niwolwq",2021-02-20 11:00:00,"2","Winter","tank",4.45683,1.5178527607362,9.72873312883436,7.10604294478527,118.70236196319,1.35180890716396,2.11112055553443,7.44796314457622,9.09191912185603,7.65359698839455,6.21148968496041,11.6108036982571,10.3759192360865,6.11222945927894,10.8546142562637,10.185261083061,68
"NIW","niwolwq",2021-02-21 15:52:00,"2","Winter","tank",4.52865,0.836739811912226,10.632724137931,5.78689655172413,66.5559874608151,0.752450111886132,2.12806249908221,5.94445052305814,7.02380375694941,6.25802122802289,5.05161768080906,9.66965647044909,8.63722010231226,5.03472215906371,9.20415647579339,8.65570716078509,69
"NIW","niwolwq",2021-02-20 14:32:00,"2","Winter","tank",4.61643,0.838016194331984,11.1236720647773,6.08493927125506,71.3032388663968,0.757597777722657,2.14858790837145,6.02947349870849,7.12864393781282,6.2605052261532,5.05367923698439,9.67312817099013,8.64032935256957,5.04353198394446,9.21775248595266,8.66831438987899,70
"GRB","grbapwq",2021-06-24 08:30:00,"6","Summer","tank",4.6349775,1.30583333333333,20.83545,4.45716666666667,7.68516666666666,1.31901142449323,2.15289978865715,6.6512057368809,6.03749488776126,7.20413184081671,9.35820185493379,5.83500845302602,6.26516388271018,8.90459910811267,5.82448093262352,6.13136926772298,71
"GRB","grbsqwq",2021-10-01 09:50:00,"10","Fall","tank",4.6834009375,1.209833,18.55083,2.149167,36.85317,1.18922355369787,2.16411666448461,4.09288685399122,4.25201839008492,7.0050915004741,3.54310567212963,5.63395107598089,5.7199450070042,3.4941728939841,5.55507927607226,5.67051506329496,72
"NIW","niwolwq",2021-02-21 16:34:00,"2","Winter","tank",4.70421,0.805882352941177,10.6792156862745,5.2793725490196,68.2891372549019,0.725063616163386,2.16891908562768,5.6172201688706,6.71695440271892,6.19811879080295,5.00190607300502,9.58591524938937,8.5622220296439,4.98798179902415,9.1319919885788,8.58878871155749,73
"NIW","niwolwq",2021-02-27 11:13:00,"2","Winter","tank",4.70421,0.863003663003664,16.1570293040293,5.69472527472528,50.7644688644689,0.825085314229267,2.16891908562768,6.34250577414988,6.59753955739866,6.30923320682582,5.09412259535071,9.7412184213367,8.70131118577125,5.15974390092676,9.39692863298955,8.83444778838799,74
"GTM","gtmpcwq",2021-04-06 08:51:00,"4","Spring","tank",4.79,2.994617,7.326304,4.839388,91.15253,2.60048545040001,2.18860686282393,4.65490125366406,4.34714295618483,11.1614873100047,10.4363366014779,3.82709597221044,3.08101079670572,9.69604785785691,4.33026360460645,3.68427104346438,75
"LKS","lksbawq",2021-06-09 08:30:00,"6","Summer","tank",4.79,2.57875,21.446375,9.11125,125.94625,2.62413906538024,2.18860686282393,13.9469383883307,16.881007219587,10.106901301072,12.3653690497685,15.0928160147242,16.3164438797536,12.1213161237447,15.3914606043891,16.3241994235549,76
"PDB","pdbgswq",2021-09-09 09:07:00,"9","Fall","tank",5.02260871,1.626029106,13.2536,0.2252,3.0661,1.50463781072594,2.24111773675548,4.04045806931755,3.62476797600878,7.88816234724841,4.12838200247594,4.03287437915316,4.3157160282271,3.95813257566625,4.05177550674074,4.2834121335261,77
"NIW","niwolwq",2021-04-04 11:50:00,"4","Spring","tank",5.05932,0.786716981132077,15.2923698113207,4.52143396226416,25.5186792452831,0.744787617254426,2.24929322232563,6.21142945380772,6.42875982391094,6.16105879256426,5.94039535578052,9.53408744970336,8.78908914476861,5.79105724981622,9.18393688718396,8.56088953052673,78
"NIW","niwolwq",2021-02-21 11:15:00,"2","Winter","tank",5.13114,1.48373801916933,9.89096166134185,7.71733333333333,116.719936102236,1.32371323777166,2.26520197774945,7.66067802429098,9.28800729407392,7.58035822288436,6.15054643745091,11.5093568847031,10.2850430478657,6.05938775440782,10.7742081709199,10.1107828578228,79
"GTM","gtmpcwq",2021-09-02 10:31:00,"9","Fall","tank",5.16,5.11646634615382,5.79880769230769,5.00983173076923,186.533533653846,4.37369259055767,2.27156333832011,11.4032141681324,9.12042891195458,17.3567737968571,10.7968929331473,8.31859335317524,8.74631240193751,9.5060007449695,8.13677822604855,8.50756595976518,80
"MAR","marscwq",2021-01-26 15:00:00,"1","Winter","tank",5.19620367580597,0.85,18.53,6.57,6.18,0.835315759234354,2.27951829907241,9.91798134565334,9.73079398071133,6.283851233088,5.07305545880734,10.2223187389341,8.75498573974092,5.17747601681071,9.8512076900449,9.01927719177873,81
"SAP","sapnawq",2021-07-22 11:20:00,"7","Summer","tank",5.538,4.65786885245902,28.568393442623,14.1018032786885,101.675901639344,5.18963365558874,2.35329556154768,14.2043629743233,17.6969389942987,15.9023956425158,18.1767019823567,14.0660628107303,15.8661464691366,19.8873770424969,14.7520483528428,15.9878213863614,82
"SAP","sapnawq",2021-07-22 14:15:00,"7","Summer","tank",5.59896,6.29262295081967,30.8420655737705,48.142131147541,112.018524590164,7.23004835436154,2.36621216293045,10.2465903777064,12.1385752850659,21.3776450134885,23.5296562033871,19.939487061257,21.7218801227411,27.4295860888395,22.3604601579121,23.4976716723317,83
"MAR","marscwq",2021-08-19 10:02:00,"8","Summer","tank",5.6,0.45,30.29,3.37,5.01,0.513144999285977,2.36643191323985,8.90124648624939,8.22803632993675,5.52807772833936,7.57152181402977,9.13437647436699,10.4589395522864,7.16559946222984,8.99086584765908,9.96419931916786,84
"GTM","gtmpcwq",2021-09-17 10:38:00,"9","Fall","tank",5.65,3.66426136363638,11.5448181818182,5.96924242424242,186.436344696969,3.32777997898829,2.37697286480094,6.81071390432906,6.861125928184,12.9695809466411,7.64038287913451,5.0586172994887,5.54896480509969,7.20644193886779,5.74750797880873,6.15832254990041,85
"NIW","niwolwq",2021-02-21 12:39:00,"2","Winter","tank",5.67777,1.3208832807571,10.1719085173502,6.50173501577286,106.915141955836,1.18196560280733,2.38280716802682,6.80527802796921,8.38849620969638,7.23558816401833,5.86375998294721,11.0312110886981,9.8567327459934,5.79629032869895,10.3731035000131,9.73919477680567,86
"NIW","niwolwq",2021-02-20 12:32:00,"2","Winter","tank",5.7456,0.980292207792209,11.0021720779221,6.79454545454544,87.9521827411167,0.885058014098652,2.39699812265258,6.43424043598556,7.7683269172657,6.54048153654416,5.28611341417271,10.0640181337917,8.99041914604606,5.26412622691468,9.55760057687761,8.98340531848341,87
"NIW","niwolwq",2021-02-21 14:25:00,"2","Winter","tank",5.7456,0.992903225806451,10.754935483871,7.04078341013825,74.5211981566821,0.894057297279496,2.39699812265258,6.7551229786751,7.93173233730449,6.56559346807184,5.30696796847083,10.099039261151,9.02178572938627,5.27987964989879,9.58182794071768,9.00586479212386,88
"MAR","marscwq",2021-08-19 06:42:00,"8","Summer","tank",5.75,0.66,28.52,4.17,5.99,0.734874946156715,2.39791576165636,9.86150436268739,9.68250687585047,5.91882307734617,7.99242211178082,9.69791577225075,11.0293876355869,7.62525538435028,9.57876853299707,10.5551428728709,89
"GRB","grbgbewq",2021-09-28 07:35:00,"9","Fall","tank",5.84698765625,1.4325,19.51325,1.418,31.42133,1.42420983019472,2.41805451887463,4.60052873085625,4.50364961097732,7.47102014097712,3.85066917193449,6.10568533701612,6.16982704387067,3.83708046017026,6.04752252093426,6.145718026613,90
"NIW","niwolwq",2021-02-21 09:58:00,"2","Winter","tank",5.89323,1.63827361563518,9.71084039087948,8.31013029315961,125.170781758958,1.45877845956715,2.42759757785346,8.21867456325016,9.86815733247121,7.91493591261631,6.42901391445561,11.9724573161857,10.6998967515757,6.3155148289741,11.1634824797961,10.4713256157449,91
"GRB","grbapwq",2021-09-29 13:30:00,"9","Fall","tank",5.99795484375,1.474333,19.68875,1.6605,27.81433,1.46886567451889,2.44907224143144,4.93445918599704,4.67939766873913,7.56022910248474,3.90988010477694,6.19642723358564,6.25624762027891,3.90405982541451,6.14346883640082,6.23818550783986,92
"GRB","grbapwq",2021-07-08 12:45:00,"7","Summer","tank",6.05492359375,1.428333,20.3326,2.2215,11.77817,1.43403682293348,2.460675434459,5.70519643786935,5.55612463098529,7.46216300067379,9.62940754557624,6.09668316130103,6.5218673188736,9.16820755042436,6.06857172314072,6.37067290666168,93
"PDB","pdbgswq",2021-07-08 12:15:00,"7","Summer","tank",6.11403091,1.927962578,16.1494,0.111,7.2519,1.84309167351376,2.47265665024483,5.22206858679162,4.99555707057971,8.56159443847421,10.7756740870206,4.58062535866139,5.17179890027745,10.1368068256362,4.66635010682606,5.06851742750586,94
"PDB","pdbgswq",2021-07-14 09:15:00,"7","Summer","tank",6.17450549,2.385374532,11.7889,0.2602,5.7108,2.17208853137596,2.484855225159,5.13600350839525,6.26248838021116,9.63434732559371,11.8815887113985,5.47686013979966,6.06986717386288,10.9511210621884,5.30532896561363,5.70361223291225,95
"NIW","niwolwq",2021-04-10 10:17:00,"4","Spring","tank",6.22041,0.772473404255319,19.7556781914894,4.67757978723405,24.0018882978724,0.770222991401752,2.49407497882481,6.83220962288563,6.10745924965104,6.13358803292231,5.91547665485258,9.49566037665007,8.75412626145325,5.83781680851853,9.25114067329533,8.6229310258035,96
"GTM","gtmpcwq",2021-05-26 11:32:00,"5","Spring","tank",6.32,3.98329758713137,10.0868981233244,7.44796246648794,84.6129758713136,3.56113347787309,2.51396101799531,6.97187036342853,6.44225717676149,13.8787192731532,12.8575197168729,5.70566770688134,4.687178107615,12.1107046666873,6.24467688172194,5.37843637492031,97
"MAR","marscwq",2021-04-28 10:02:00,"4","Spring","tank",6.32364688059496,0.607540983606558,23.5544262295082,3.33032786885246,11.3740983606557,0.634511709362735,2.51468623899582,7.84866867403505,7.31987070117461,5.81996282128561,5.63074692453155,9.55556045326007,8.43822411964678,5.59050431218248,9.31035558972762,8.44885571140448,98
"GRB","grbapwq",2021-09-22 08:15:00,"9","Fall","tank",6.3850575,1.714667,17.31157,2.557,42.15517,1.66125742108432,2.52686713144953,5.12200942329525,5.65659156290931,8.08300025714853,4.25880503290837,6.7307155038486,6.76438641045267,4.19925553902617,6.56547138385572,6.64446034886079,99
"SAP","sapnawq",2021-02-11 00:13:00,"2","Winter","tank",6.44464,0.829722222222223,15.2399166666667,8.77016666666667,75.0122777777778,0.785034639495539,2.53862955154942,3.38558766024167,4.07794690035143,6.24437293469099,5.04029069450163,4.31142736394165,3.82572934821405,5.0906179237512,3.70280406182856,3.52836127658007,100
"NIW","niwolwq",2021-02-27 10:00:00,"2","Winter","tank",6.53961,1.0256884057971,15.1172862318841,6.02094202898551,34.4443478260869,0.969101737393992,2.5572661183381,7.23301859728894,7.19673254543504,6.6311027277034,5.36137618515485,10.1903691883909,9.1035858077836,5.41216290362928,9.78505251727266,9.19424474142807,101
"GTM","gtmpcwq",2021-09-27 06:52:00,"9","Fall","tank",6.56,3.57438888888888,8.21271388888889,3.63105555555555,193.947027777778,3.13278944387178,2.56124969497314,6.81845998460694,6.16108927278613,12.7190359440289,7.46292508965085,4.88337118161436,5.37489049680803,6.81289298518006,5.34788697553357,5.7622389167616,102
"GRB","grbapwq",2021-08-13 10:15:00,"8","Summer","tank",6.60182359375,1.627667,23.66923,2.457,44.52683,1.7023653832507,2.56940140767261,5.55048578998825,6.07774619702625,7.89174110092515,10.0789996873951,6.53475404431692,6.95059715064446,9.79809455613303,6.65745722733261,6.94672249848602,103
"LKS","lksbawq",2021-06-16 12:25:00,"6","Summer","tank",6.61,2.615,22.462625,9.9675,110.4575,2.69434790107053,2.57099202643649,15.2839847061901,17.370482614839,10.1967450395854,12.4571325276114,15.2162387747088,16.4380278601638,12.3083895163145,15.6321008034005,16.5611047659113,104
"NIW","niwolwq",2021-02-28 12:01:00,"2","Winter","tank",6.64335,0.93015444015444,18.8028108108108,6.94903474903475,49.2679536679537,0.917025559098165,2.57746968944351,7.33745535673344,7.13016314142232,6.44111965847634,5.20360781347124,9.92538589015988,8.86625493053511,5.32019273896962,9.64380082219556,9.06331369701564,105
"SAP","sapnawq",2021-04-29 21:15:00,"4","Spring","tank",6.76386666666667,3.41032786885246,23.6814918032787,28.9944262295082,39.5490163934426,3.56738486625977,2.60074348344212,16.3400883432716,13.7360171062466,12.2679714067946,11.4236274318047,10.2714862687523,9.43596904795302,12.1272963012274,9.82791595220263,9.13904208352573,106
"MAR","marscwq",2021-06-29 07:22:00,"6","Summer","tank",6.80016526649222,0.782786885245902,26.5619836065574,2.0783606557377,10.3260655737705,0.849445144192558,2.60771265029186,8.27350706655579,9.16779017361736,6.15347291334573,8.24379662238586,10.0352312278235,11.369945387688,7.86836326979591,9.88983922706415,10.8671598258312,107
"MAR","marscwq",2021-08-19 14:03:00,"8","Summer","tank",6.86,0.56,31.12,3.62,4.69,0.645890965351177,2.61916017074176,9.71264534233264,8.69800754634488,5.73108987479033,7.7905735489952,9.42746010906916,10.7558566984628,7.43907122985607,9.34059672410626,10.3159423172725,108
"NIW","niwolwq",2021-04-04 10:25:00,"4","Spring","tank",6.91866,1.15576158940397,14.082559602649,5.30950331125828,29.2619205298015,1.07937949826759,2.63033457947844,7.12148665589409,7.76150043958312,6.89421114806226,6.6042856114605,10.5567661416752,9.71925237739562,6.42119116203147,10.0875603979981,9.39492732207529,109
"NIW","niwolwq",2021-04-10 11:30:00,"4","Spring","tank",6.9825,0.768779220779221,21.1476337662338,7.59319480519479,29.1862597402597,0.779476912062016,2.64244205234476,8.43500062196468,7.36454644752538,6.12647329983833,5.90902234750498,9.48570668604811,8.74506974273286,5.85487555973822,9.27565159485406,8.64555859098117,110
"NIW","niwolwq",2021-04-11 10:30:00,"4","Spring","tank",7.0224,0.828426395939086,20.1381015228427,6.15426395939086,23.2657106598985,0.829796816035248,2.6499811320083,7.89235778929334,6.90026534846697,6.24185435180746,6.01366593398205,9.64705961370257,8.89187159972089,5.94807127850211,9.40950184884588,8.76911912044696,111
"LKS","lksbawq",2021-03-22 08:00:00,"3","Spring","tank",7.08,2.74,3.6522,5.092,116.358,2.29193148011337,2.66082693913001,13.5436944117535,12.4354605054038,10.5096001047415,9.85366549548228,15.6456891371112,13.7769589095434,8.97738193815792,14.2781336700459,12.972106246834,112
"GRB","grbsqwq",2021-08-20 10:00:00,"8","Summer","tank",7.12080890625,1.705833,25.68698,4.712667,44.14983,1.8303102237231,2.66848438373733,6.99151803876958,7.05241653698484,8.06347530255638,10.2581006897771,6.7106854789227,7.12244240449449,10.1058056909733,6.94785017714647,7.23017259195848,113
"GTM","gtmpcwq",2021-07-06 12:00:00,"7","Summer","tank",7.15,4.58197885196375,10.5456737160121,8.16287009063444,137.638036253777,4.11655561672358,2.67394839142419,8.88955190388815,9.81815109291782,15.6678569848469,17.9449593148267,7.024947616328,7.88224273286271,16.406328002231,7.5109754360955,8.12626199595646,114
"LKS","lksbawq",2021-06-09 13:30:00,"6","Summer","tank",7.24,2.67,22.076,8.412,124.671,2.73797357125148,2.69072480941474,14.0498066297312,16.9567707625571,10.333818872194,12.5970076796708,15.4044606683663,16.6233619592207,12.4253529562678,15.7825676967538,16.7091703764854,115
"NIW","niwolwq",2021-02-28 10:51:00,"2","Winter","tank",7.38948,0.865368098159508,16.8638374233129,5.13300613496932,35.657944785276,0.834086207420824,2.71835979958504,6.56130247438463,6.29441624065432,6.31385386707934,5.09795788921058,9.74767381789054,8.70709268768134,5.17534326427711,9.42095592171076,8.85672438270067,116
"LKS","lksbawq",2021-06-09 12:28:00,"6","Summer","tank",7.49,2.5,22.1568181818182,8.70181818181818,123.417272727273,2.5661889753164,2.7367864366808,13.5474351798834,16.4602251971296,9.91309347866991,12.1671897604972,14.8264226065113,16.0538683627898,11.9679856985488,15.1942433330241,16.1299444183002,117
"SAP","sapnawq",2021-02-11 01:12:00,"2","Winter","tank",7.50216,0.899277777777778,15.2341611111111,10.1560555555556,86.9294999999999,0.85078863318957,2.73900711937738,3.7810184285901,4.6958716706612,6.38030739648042,5.15312074219006,4.43866884164835,3.93931565789242,5.20435246447923,3.81373511104817,3.63188976653736,118
"SAP","sapnawq",2021-04-29 16:15:00,"4","Spring","tank",7.59546666666667,4.67852459016393,27.6476721311476,31.6381967213115,86.8360655737705,5.14947562368426,2.75598742135494,15.0520869184648,14.0891130687401,15.9665340358109,14.7111738556524,14.1338998069017,12.9408681639858,16.6914313403997,14.6181243599083,13.5523435084393,119
"NIW","niwolwq",2021-02-27 15:32:00,"2","Winter","tank",7.68075,1.21360986547085,21.8732264573991,12.1105381165919,83.2140134529148,1.24141930687208,2.77141660527608,9.35012885549634,10.098212844057,7.01286949745127,5.67859233049071,10.7217951281942,9.579578342275,5.90593123768425,10.5404138588074,9.89420425305626,120
"GTM","gtmpcwq",2021-03-25 11:09:00,"3","Spring","tank",7.84,4.2780163599182,6.45425766871166,4.37971370143149,109.898916155419,3.68163149465718,2.8,6.99812022738169,6.44336972244058,14.7459244240139,13.6280798971764,6.33799098330418,5.23091955298082,12.4325154959952,6.5094757639991,5.61349546559532,121
"NIW","niwolwq",2021-04-10 09:07:00,"4","Spring","tank",7.93611,1.05387341772152,17.9822202531646,3.82921518987341,13.4037974683544,1.029042623583,2.81711022148584,7.22625841780169,6.58322524953704,6.68768017653256,6.41748109418508,10.2692130240563,9.45777261157256,6.32431298944346,9.94890777788996,9.26697545544394,122
"MAR","marscwq",2021-04-28 07:30:00,"4","Spring","tank",8.11127943809393,0.652295081967213,23.1351803278689,2.63737704918033,12.3598360655738,0.677703993260407,2.84803080006062,7.45016268139889,7.14763050948995,5.90425081472094,5.70731355646696,9.6769413908581,8.54631555857243,5.66863478721125,9.42540213995575,8.55365191863982,123
"GTM","gtmpcwq",2021-06-07 08:11:00,"6","Summer","tank",8.24,5.59979400749063,8.70492509363295,7.96408239700375,78.9295131086142,4.93341642615854,2.87054001888146,9.10628161137443,11.5783669745148,18.9584479639301,21.1767733023795,9.58249170811251,10.4284746530677,19.0257994949583,9.58556514107862,10.1795071571669,124
"GTM","gtmpcwq",2021-05-03 12:03:00,"5","Spring","tank",8.26,6.34599198396792,4.68141482965931,5.92951903807615,144.973206412826,5.36345905948121,2.87402157263998,12.3121952508503,10.0013437212655,21.5700214513593,19.6655987529666,11.709248965957,9.88528675156261,17.3645943494119,10.7792759030984,9.41903954144892,125
"GTM","gtmpcwq",2021-09-28 08:59:00,"9","Fall","tank",8.32,4.0184708737864,4.71006067961165,3.74531553398059,192.855582524272,3.39728541184863,2.88444102037119,8.6053976291085,6.75510845199869,13.9808351220968,8.36009123848947,5.77938666513368,6.26204669758776,7.3493959807634,5.89343582234427,6.30269127567141,126
"NIW","niwolwq",2021-02-28 09:20:00,"2","Winter","tank",8.34708,1.15453237410072,15.786881294964,8.55672661870503,18.9703237410072,1.09915332909968,2.88913135734601,9.45693941167611,8.63113804496138,6.89170076755815,5.57788553347091,10.5532733359803,9.4286318485932,5.64528492781269,10.1422897867538,9.52532369516192,127
"GRB","grbulbwq",2021-09-27 12:00:00,"9","Fall","tank",8.4068784375,1.710833,20.6511,1.5895,27.67067,1.7242585962402,2.89946174961837,5.69451907257522,5.24364238899088,8.07452342972793,4.25312166403637,6.72201870723612,6.7561244629012,4.2982592705154,6.70670805478272,6.78028578340874,128
"LKS","lksbawq",2021-06-16 08:25:00,"6","Summer","tank",8.77,2.47571428571429,21.829,10.3828571428571,112.408571428571,2.53107506799295,2.96141857899217,14.8359007212203,17.0580853205326,9.85370360649188,12.10639623442,14.7447480710534,15.9733224039511,11.8755524936957,15.0753614859342,16.0128045005848,129
"LKS","lksbawq",2021-06-09 14:29:00,"6","Summer","tank",8.88,2.56333333333333,22.1984444444444,7.96777777777778,123.477777777778,2.63254425995823,2.97993288515027,13.4836613181699,16.3995614400783,10.0688123871517,12.3264460164719,15.0404782016961,16.2648725351679,12.1436365131632,15.4201709830329,16.3524711024671,130
"NIW","niwolwq",2021-04-11 11:45:00,"4","Spring","tank",8.9376,0.836216931216932,21.7678703703704,8.83912698412698,29.7483333333334,0.854277561542569,2.98958191056877,9.42719860819659,8.10383863494846,6.25700377980422,6.02740127798024,9.66823443930678,8.91113565491427,5.9936772935851,9.47496700699719,8.82954860140068,131
"GTM","gtmpcwq",2021-07-19 09:05:00,"7","Summer","tank",9.06,5.02249411764705,15.5590447058824,10.6828705882353,137.659011764706,4.76921089924754,3.00998338865848,10.5908182206721,11.5382827520912,17.0535706751155,19.310878304856,8.08323133663753,8.9405923886776,18.4836598722493,9.14823941989073,9.74821050504502,132
"NIW","niwolwq",2021-04-03 09:09:00,"4","Spring","tank",9.06528,0.906134969325152,11.9429969325153,6.07794478527608,33.6533435582823,0.826500659513472,3.01086034216136,6.72119120015752,7.71305938245658,6.3937878698638,6.1513737424015,9.85931205907209,9.08495859551557,5.94194406043444,9.40070477079774,8.76099857502428,133
"GRB","grbsqwq",2021-09-17 09:30:00,"9","Fall","tank",9.07711578125,2.500833,18.50888,4.667833,75.2455,2.45701982334247,3.01282521584808,7.14870776865493,8.44128776888507,9.91513371647796,5.50435233895021,8.63277572502575,8.5651624626282,5.53449455111544,8.4598232682421,8.46100492081861,134
"LKS","lksbawq",2021-04-30 13:30:00,"4","Spring","tank",9.18,2.522,12.0582,9.524,153.798,2.30325209252807,3.02985148150862,14.3892281740167,13.6640523177414,9.96704775363449,9.36808842504392,14.9006048616583,13.1144916041833,9.00326029676472,14.315384630538,13.0060577514219,135
"NIW","niwolwq",2021-04-11 09:08:00,"4","Spring","tank",9.22488,1.00291777188329,19.2264588859416,8.66904509283819,20.422148541114,0.993725280593032,3.03724875504131,9.81669843065782,8.63357482626805,6.58556940091,6.3250629276045,10.1268932495137,9.32834051246286,6.25678093237197,9.85219913032624,9.17772559791266,136
"LKS","lksbawq",2021-06-09 11:27:00,"6","Summer","tank",9.26,2.4375,22.05625,8.4975,125.12375,2.49894928655013,3.04302481094059,13.1234870991451,16.153801401742,9.76061319211592,12.0110441202357,14.616687538481,15.8469911193252,11.7912990669417,14.9670052492025,15.906006919239,137
"LKS","lksbawq",2021-06-09 09:27:00,"6","Summer","tank",9.3,2.33375,21.44575,8.6325,125.52875,2.3748087119844,3.04959013639538,12.8125659149631,15.8422326933626,9.5101051169668,11.7540687380001,14.2718258799995,15.5065369108507,11.4685455229195,14.5519676072674,15.4966775711174,138
"MAR","marscwq",2021-07-14 14:07:00,"7","Summer","tank",9.30395262360556,1.00686274509804,29.0334509803921,5.1621568627451,17.2352941176471,1.12880559245557,3.05023812572159,11.0331593429765,11.5816188066759,6.5934467371146,8.71256655378805,10.6656675870418,12.0047821837327,8.47713285897339,10.6691699683511,11.6470127776607,139
"GTM","gtmpcwq",2021-06-10 13:48:00,"6","Summer","tank",9.45,4.95633495145631,9.54226941747573,7.15650485436893,79.6687621359221,4.40539328135373,3.07408522978788,8.42066452244871,10.4697611290418,16.8417095064875,19.1025397127877,7.91955567572212,8.77739006229677,17.3103974565902,8.21566289499005,8.82587603049598,140
"GTM","gtmpcwq",2021-07-07 08:30:00,"7","Summer","tank",9.49,4.69656686626747,16.2052395209581,12.7543113772455,119.10998003992,4.49268714428308,3.08058436014987,9.984966750294,10.9087223034831,16.0226629542608,18.2954451384301,7.29308899169747,8.15112995358771,17.5884006728309,8.43485353537663,9.04300076125524,141
"LKS","lksbawq",2021-06-09 07:32:00,"6","Summer","tank",9.65,2.58,21.472,7.91375,127.05125,2.62623001750793,3.10644491340181,13.3883383032455,16.4201106288844,10.1099927428836,12.3685276604961,15.0970636053083,16.3206289177631,12.1268668269278,15.3986003577353,16.3312302561537,142
"LKS","lksbawq",2021-06-16 11:25:00,"6","Summer","tank",10.04,2.64818181818182,22.1732727272727,10.1618181818182,111.421818181818,2.71884315870508,3.16859590355097,15.4382826720261,17.5487892384157,10.2793329600744,12.5414265683937,15.3296556821434,16.5497166699178,12.3739949033177,15.7164973211568,16.6441605951724,143
"PDB","pdbgswq",2021-08-11 09:45:00,"8","Summer","tank",10.0726597,3.686025878,14.9305,0.1952,3.8014,3.47533520329983,3.17374537415969,9.64561875501557,10.4834743575378,13.0306232493866,15.3214095844198,8.46259438412285,9.01619997098901,14.4859507899488,8.23926198593637,8.58765415477921,144
"SAP","sapnawq",2021-04-29 13:15:00,"4","Spring","tank",10.1109333333333,2.97049180327869,25.3275573770492,28.6819672131147,46.1626229508197,3.17262138133394,3.1797693836713,16.7134465148349,13.8634894692205,11.098879222629,10.38041021956,9.07559206108871,8.34941009299506,11.1018520228321,8.78041997527352,8.17293337964483,145
"PDB","pdbbywq",2021-09-09 10:10:00,"9","Fall","tank",10.226133,2.782384473,13.4019,0.7918,7.8561,2.57889756511707,3.19783254721069,6.63763813259578,6.5552114229399,10.6167548787459,5.98922598216873,6.31961618039684,6.53631996674436,5.75524927259945,6.15210990966903,6.33333348900186,146
"SAP","sapnawq",2021-02-10 23:10:00,"2","Winter","tank",10.2648,0.980888888888888,15.0768833333333,8.42405555555556,67.6083333333333,0.926350897234952,3.20387265664539,3.6001678200667,4.18724858512458,6.54166860479791,5.28709920684178,4.59032343233302,4.07470762209678,5.33660400624509,3.94323510240102,3.75270977799299,147
"GRB","grbsqwq",2021-07-07 09:54:00,"7","Summer","tank",10.27232015625,2.06916666666667,27.59835,5.85466666666667,36.3056666666667,2.27597617017212,3.20504604588608,9.60410324177783,8.57221250068415,8.88600138540534,11.1113091157009,7.55913231282786,7.94876588966435,11.2147926474662,8.00776827091651,8.26176018412049,148
"SAP","sapnawq",2021-07-22 10:23:00,"7","Summer","tank",10.29744,3.32590163934426,28.4005901639344,12.7318032786885,86.1616393442622,3.69733612062024,3.20896244914147,10.4617159530805,13.4263524242739,12.0390259226696,14.3252729494391,10.0361969334187,11.7735943382215,15.13729287828,10.1856491176437,11.4079929285739,149
"NIW","niwolwq",2021-06-25 09:32:00,"6","Summer","tank",10.62138,1.465893,25.0976,14.77609,11.75115,1.56105590649161,3.25904587264432,17.1545703402559,15.3197112388098,7.54218815057593,9.71333874930203,11.4564685725247,13.2535372750056,9.46376989670847,11.4628545965456,12.7159654593554,150
"NIW","niwolwq",2021-02-27 12:18:00,"2","Winter","tank",10.64931,1.24905027932961,17.3923268156424,8.80620111731845,60.9346368715083,1.21127738558063,3.26332805583502,8.56770095143631,8.85274884071232,7.08606498619615,5.73943841969072,10.8235314569989,9.67070594310122,5.85021695341453,10.4554233385722,9.81546438266162,151
"MAR","marscwq",2021-04-28 14:01:00,"4","Spring","tank",10.90428315659,0.934262295081967,24.0540327868852,2.99032786885246,10.8801639344262,0.981863950786305,3.30216340549495,8.85138251318437,8.17248789584875,6.44923190807435,6.2016025851762,10.4593034905651,9.24315147964118,6.23418160701638,10.2555633426478,9.30991648542585,152
"LKS","lksbawq",2021-04-30 12:00:00,"4","Spring","tank",10.92,2.814,10.7878,7.47,165.784,2.53475648976099,3.30454232837166,14.6637950217887,13.6355299506758,10.6970379304257,10.0212835101669,15.9027399205275,14.0055438010237,9.54063653786749,15.0878034192215,13.7100914293957,153
"GTM","gtmpcwq",2021-06-09 12:30:00,"6","Summer","tank",11.01,5.32465020576132,14.1687119341564,7.98654320987654,76.9633744855968,4.97754346765554,3.31813200460741,10.9602902381836,12.2322688550766,18.0379984430329,20.2767480898828,8.85203844679621,9.70506634583245,19.172824832732,9.70482852529735,10.2970012262388,154
"LKS","lksbawq",2021-03-22 11:00:00,"3","Spring","tank",11.15,2.596,3.6584,3.906,114.654,2.17161428851274,3.3391615714128,12.6852532268222,11.7209461955771,10.1496049490636,9.53154189186,15.151485546436,13.3375359083618,8.70464428319053,13.8852235825257,12.6140063678999,155
"GND","gndblwq",2021-06-15 10:48:00,"6","Summer","tank",11.16,2.15,23.761,5.24,48.07,2.2512537873635,3.34065861769801,9.40985437643871,8.98306900663356,9.07442558917407,11.3057625716754,9.27717443518857,9.39955871156325,11.1517617115549,9.28368935783916,9.36244077330437,156
"NIW","niwolwq",2021-06-25 11:15:00,"6","Summer","tank",11.36352,1.308849,26.01751,13.09207,17.0354,1.41033914370644,3.37098205275555,15.3637112167118,13.8529840527197,7.21042948163765,9.3648318203119,10.9962806151997,12.7839278203226,9.11358411291278,11.0230800305347,12.2726624850558,157
"LKS","lksbawq",2021-06-16 14:25:00,"6","Summer","tank",11.38,2.77142857142857,22.5805714285714,11.45,109.814285714286,2.859678965306,3.3734255586866,16.559367626715,18.4583494559786,10.5890045079291,12.8570072403311,15.7546054160436,16.9678715915647,12.7545774405704,16.2061448584702,17.1257221308549,158
"SAP","sapnawq",2021-02-10 13:10:00,"2","Winter","tank",11.43464,0.974111111111111,15.5907944444444,13.9143888888889,77.9892222222223,0.925320525721041,3.38151445361394,5.70142046784349,6.3087451562891,6.52819088030857,5.27590686794318,4.57763156847717,4.0633762605724,5.33478945713773,3.94145469252778,3.75104897453107,159
"SAP","sapnawq",2021-02-10 15:13:00,"2","Winter","tank",11.73008,2.78866666666667,16.5881055555556,16.8517222222222,106.797277777778,2.67934464502372,3.42492043703208,8.28194569129527,9.4740319564524,10.6326835249345,8.69574827119376,8.60283411630297,7.66034029155843,8.87053780686768,7.55446072967887,7.11057055272811,160
"LKS","lksbawq",2021-03-22 15:00:00,"3","Spring","tank",11.75,1.848,4.302,4.116,111.74,1.55591249433255,3.42782730020052,10.9403772000073,10.049360413218,8.38056101382541,7.94441112416869,12.7119694171151,11.1695562820374,7.37480826881763,11.960378149931,10.8599451926517,161
"GND","gndblwq",2021-06-17 11:08:00,"6","Summer","tank",11.89,2.36,24.73,6.32,58.55,2.50149609588031,3.44818792991333,10.1876412215716,10.0387220664667,9.57317893477646,11.8188240142973,9.84503589791411,9.94073922532066,11.7979674104511,9.95909017002413,10.0104514681299,162
"GND","gndblwq",2021-06-17 07:04:00,"6","Summer","tank",11.93,2.72,11.39,7.33,74.53,2.46608164854967,3.45398320783411,8.83196260490908,11.1261355771073,10.4592256237383,12.7248445642927,10.8577547020869,10.903715549002,11.7054104496276,9.86206654139523,9.91742751452725,163
"LKS","lksbawq",2021-06-16 13:23:00,"6","Summer","tank",11.94,2.58375,22.572625,9.70625,100.64875,2.66576276812819,3.4554305086342,15.6354186513188,17.1639446506759,10.1192699046632,12.3780059128773,15.1098099627704,16.3331872516655,12.232050741851,15.5339002206295,16.4644441089448,164
"GTM","gtmpcwq",2021-07-22 07:30:00,"7","Summer","tank",12.27,5.75411764705883,18.1696512605042,12.3925840336134,127.362016806723,5.63086605771289,3.5028559776274,12.9876056356972,13.526234603324,19.4847388146925,21.6901375115716,10.0048656140146,10.8456040124763,21.4158197702004,11.5568553480225,12.1154412701381,165
"GND","gndblwq",2021-09-14 10:55:00,"9","Fall","tank",12.38,2.7,19.555,8.03,62.9,2.68570769611683,3.51852241715184,10.7052820471659,10.3306113939504,10.4089721600982,5.8452296942373,10.8001921287834,10.3824545296088,5.95226172546816,10.471427930893,10.238084752823,166
"SAP","sapnawq",2021-07-22 09:20:00,"7","Summer","tank",12.42352,2.47786885245902,28.12,15.1147540983607,68.4813114754098,2.74435851161524,3.52470140579312,9.93206284368681,11.8204205631303,9.85896531166259,12.1117835264909,7.82401797108681,9.48543379204356,12.4425178230825,7.7107703985822,8.88673896298016,167
"MAR","marscwq",2021-06-29 14:00:00,"6","Summer","tank",12.4688059495937,0.878032786885246,28.762737704918,4.80016393442623,7.7827868852459,0.980812999662575,3.53111964532409,11.059256013358,10.8779849984987,6.33863242896664,8.44146857717247,10.3008585270521,11.6376825542793,8.15180906813261,10.2526346073898,11.2305161306588,168
"GND","gndblwq",2021-08-17 15:45:00,"8","Summer","tank",12.51,2.69,30.339,8.07,75.29,3.06951782854752,3.53694783676548,11.9843902454948,11.8700092735126,10.3838908097894,12.6480649871793,10.7714682134926,10.8217674286029,13.3323206257386,11.5801763361669,11.5618258383176,169
"LKS","lksbawq",2021-07-14 12:30:00,"7","Summer","tank",12.65,2.088,22.85,4.38,69.85,2.16167475453446,3.55668384875575,12.9281293986465,13.0920906950403,8.92972564743962,11.1564640470849,13.4713861439121,14.714861175159,10.924863384731,13.8530099873018,14.8063543512312,170
"NIW","niwolwq",2021-02-27 14:05:00,"2","Winter","tank",12.68421,1.66420080037665,20.7389436363636,14.5171272727273,77.2856909090909,1.67903811670222,3.56148985678747,12.0788463674318,12.3306702824966,7.97177741442613,6.4763376888601,12.0510486976075,10.7703022549546,6.74457052262966,11.8131157541198,11.0728349718718,171
"LKS","lksbawq",2021-06-16 07:24:00,"6","Summer","tank",12.78,2.485,21.668,10.76,112.908333333333,2.53557738875264,3.5749125863439,15.0188715800458,17.2412080365419,9.87639042880791,12.1296228393054,14.7759499332016,16.0040954691496,11.8873842929577,15.0905784738968,16.0278003732033,172
"SAP","sapnawq",2021-02-10 21:18:00,"2","Winter","tank",12.81504,2.97755555555556,13.71025,10.5932777777778,45.8746111111111,2.76925973236787,3.57981005082672,7.27635062924704,8.131795940106,11.1171923663496,9.10058829447051,9.09421346797003,8.09975789559983,9.0758802242652,7.7710631161099,7.31148938752493,173
"GND","gndblwq",2021-06-15 08:08:00,"6","Summer","tank",12.87,2.65,19.951,5.35,67.71,2.64844807392722,3.58747822293042,9.52394338601869,10.5975452053484,10.2838679519618,12.5460536339492,10.6569550280696,10.7129841025748,12.1859260170797,10.3667630624594,10.4010930347652,174
"GND","gndblwq",2021-09-14 13:24:00,"9","Fall","tank",12.87,2.92,26.844,5.16,67.46,3.1802917807906,3.58747822293042,11.889855942661,10.536525151984,10.9684162151112,6.23366612816632,11.4417949014035,10.9782845239633,6.9077487896145,11.9105527294057,11.5973214076436,175
"LKS","lksbawq",2021-04-30 10:20:00,"4","Spring","tank",12.88,2.852,10.013,7.726,167.118,2.54772198677965,3.58887168898527,15.0692697231817,13.7738555976999,10.79393359923,10.1079069785224,16.0355528798457,14.1236561002303,9.57119309931935,15.1316631841747,13.7500698438043,176
"LKS","lksbawq",2021-03-22 16:50:00,"3","Spring","tank",12.95,2.758,4.3604,4.392,111.044,2.3234477198422,3.59861084308932,13.1625964979032,12.2896109578098,10.5550406074898,9.89430733514857,15.7080222355746,13.8323875394819,9.04951898839578,14.3819597198133,13.0667363875573,177
"NIW","niwolwq",2021-06-15 11:33:00,"6","Summer","tank",13.39842,1.29559228650138,27.8104380165289,10.1153719008265,19.8823415977961,1.42907122754252,3.66038522562858,13.4906143640802,11.9983442022545,7.18276591784752,9.33570436190876,10.9578660491371,12.7446738987397,9.15674827668757,11.077270035437,12.3273311277011,178
"GND","gndblwq",2021-07-30 07:45:00,"7","Summer","tank",13.42,2.49,21.912,8.23,75.36,2.54826612770657,3.66333181680284,10.0325149233225,11.0533088113458,9.88861721517672,12.1421386925076,10.2050218982183,10.28334604994,11.9207611514259,10.0879520378739,10.133968822396,179
"LKS","lksbawq",2021-03-22 13:00:00,"3","Spring","tank",13.46,2.084,3.8246,4.194,112.154,1.74621769119133,3.66878726556883,11.5521540560412,10.624349468288,8.92043010305755,8.42956695206679,13.4585486699162,11.8328211747759,7.77407912741049,12.5399942616892,11.388087336403,180
"NIW","niwolwq",2021-06-15 13:02:00,"6","Summer","tank",13.53009,1.70380239520958,27.9053892215569,6.91005988023953,17.0762874251497,1.88169413180073,3.67832706539264,13.2927553367499,11.7773810995371,8.05899058617673,10.2534280291369,12.1715866957844,13.9810948919055,10.2307244983396,12.4270563673174,13.6852221128471,181
"NIW","niwolwq",2021-04-10 15:03:00,"4","Spring","tank",13.55403,1.86161803713528,24.1457214854112,11.5025464190981,38.2110875331563,1.95872657730138,3.68157982393428,13.7487755569043,11.9024045659012,8.41125526317894,7.9720154381282,12.6578987387113,11.628630761239,8.23237341189806,12.664503264877,11.7716753251093,182
"NIW","niwolwq",2021-06-16 14:31:00,"6","Summer","tank",13.65378,1.736875,28.3725911458333,7.05843749999999,14.8259114583333,1.93012960093384,3.69510216367559,13.8716009577047,11.9522074282413,8.13218878269293,10.3296645014787,12.2727116193783,14.0837742108762,10.3491779405042,12.576092916435,13.8347322818247,183
"LKS","lksbawq",2021-05-19 11:27:00,"5","Spring","tank",13.69,3,17.3192,6.64,156.186,2.9068109905676,3.7,13.9334444234851,14.2682546935316,11.175480937828,10.4488358302072,16.5580888016977,14.5883997135394,10.4368932634788,16.3716874077714,14.8804300814069,184
"MAR","marscwq",2021-07-14 10:00:00,"7","Summer","tank",13.7799201211954,1.56491803278689,28.9687049180328,15.2850819672131,42.4675409836065,1.75292626732421,3.71213147951355,17.5674951619796,19.9624175589266,7.75521639562105,9.93636491921571,12.3192235243939,13.6607811707026,9.91912643724229,12.5170410813856,13.486903918119,185
"LKS","lksbawq",2021-05-19 07:25:00,"5","Spring","tank",13.85,4.018,17.0056,6.582,155.43,3.87909319732377,3.72155881318568,18.4707410346235,17.7503188650152,13.9794655992552,12.9470865996918,20.3792856453554,17.9889195585755,12.9689945169071,19.9743133021631,18.1651284427444,186
"NIW","niwolwq",2021-02-28 15:19:00,"2","Winter","tank",13.98096,1.72513131313132,24.3605292929293,17.6831111111111,75.6765252525253,1.82003946128474,3.739112194091,14.3284280009082,13.8680005198811,8.10615908699475,6.588234644731,12.2367554657829,10.9366684363972,7.02663656040158,12.2386293138163,11.4667152775655,187
"LKS","lksbawq",2021-06-16 10:25:00,"6","Summer","tank",13.99,2.604375,22.0074375,10.196875,111.845,2.66843427664493,3.74032084185301,15.2619700558702,17.4103318820586,10.1703703439361,12.4302011925361,15.1800110706634,16.4023444209981,12.239175149136,15.5430647402389,16.4734658331596,188
"LKS","lksbawq",2021-07-14 10:30:00,"7","Summer","tank",14.02,2.431,23.04,4.953,69.59,2.52271168865011,3.74432904536981,14.7714965578073,14.7174033603939,9.74482308767351,11.9948628647878,14.5949608615906,15.8255529053889,11.8535897250615,15.0471152271202,15.9849672337884,189
"GTM","gtmpcwq",2021-07-21 10:00:00,"7","Summer","tank",14.06,6.58669421487604,5.83406336088154,12.6606887052342,131.742258953168,5.63251277003388,3.74966665185053,10.2862359044205,11.1755582077129,22.4483751890782,24.5657980800412,12.4407087116172,13.2371209457755,21.4216300073087,11.5617276274297,12.1202113984569,190
"NIW","niwolwq",2021-04-04 09:20:00,"4","Spring","tank",14.06475,1.53310924369748,13.0363739495799,5.81138655462185,35.2886974789916,1.41525289548679,3.75029998800096,7.83822923702138,8.96296564674814,7.6864641023775,7.31946709606793,11.6563158614682,10.7187098202796,7.08646134836773,11.0372821564353,10.2711440399924,191
"LKS","lksbawq",2021-05-04 13:00:00,"5","Spring","tank",14.41,2.516,11.3888,9.552,161.636,2.28109584607586,3.79605057922046,14.4810540558616,13.6471451969038,9.95231842928785,9.3548973983202,14.8803549786918,13.0964893596437,8.95264710190964,14.242524007382,12.9396507961514,192
"PDB","pdbgswq",2021-07-23 11:45:00,"7","Summer","tank",14.775617,4.990983333,11.3903,0.5332,4.2074,4.52507810315616,3.84390647648977,11.3042043550456,14.9547336289475,16.9524986881681,19.2115083090046,12.1084622525533,12.5561935852968,17.6921189130143,11.0701660666269,11.3383057004908,193
"NIW","niwolwq",2021-02-28 13:53:00,"2","Winter","tank",14.78295,1.68547794117648,22.1158658088235,17.1740257352941,80.1612316176471,1.72923267444523,3.84486020552113,13.5431427447225,13.6386545633643,8.0185763187512,6.51530357989436,12.1157367787603,10.8282529997661,6.84431986064753,11.9637297807336,11.2122619258587,194
"SAP","sapnawq",2021-02-10 17:09:00,"2","Winter","tank",14.82928,1.72605555555556,14.9476222222222,10.2307222222222,53.5818888888889,1.62770965899844,3.85088041881334,5.57314947230357,5.9739603304884,8.10820614298505,6.58993936584428,6.09285539066845,5.41672975883158,6.6433250560827,5.24840691282716,4.96847642410131,195
"LKS","lksbawq",2021-06-16 09:25:00,"6","Summer","tank",14.84,2.44166666666667,21.93,10.3483333333333,111.47,2.49935238265318,3.85227205685164,14.7459767716539,16.9349050612017,9.77074177712482,12.0214224566477,14.6306233949229,15.8607411964499,11.7923543730679,14.9683624207466,15.9073447410796,196
"LKS","lksbawq",2021-07-14 09:30:00,"7","Summer","tank",14.94,2.136,22.9,4.749,70.34,2.21273818357702,3.86522961801754,13.2979313449932,13.440563387393,9.04164975419739,11.2719632617055,13.6259131615868,14.8678616052464,11.0539182043148,14.0189019250585,14.9703118691354,197
"SAP","sapnawq",2021-07-22 21:05:00,"7","Summer","tank",15.10792,3.8985,28.723,10.6585,32.4028333333334,4.35253768354275,3.88689078827795,16.1171153106686,14.977751417773,13.6340720018513,15.9248363080656,11.6854400946849,13.4582694019415,17.1431455904332,12.0867066456023,13.3238432383988,198
"LKS","lksbawq",2021-05-04 14:00:00,"5","Spring","tank",15.13,2.924,11.5288,11.868,160.588,2.65503336740178,3.88973006775535,16.546966988111,15.2788017126162,10.978723464649,10.2730579470976,16.2887130909057,14.3488078997835,9.82597578240744,15.4971205980512,14.0831931640324,199
"LKS","lksbawq",2021-05-19 12:26:00,"5","Spring","tank",15.14,3.024,17.66,6.692,153.782,2.94168195257931,3.89101529166874,14.0707456032821,14.3828955570356,11.237977928816,10.5046544207607,16.6436137865201,14.6644724301652,10.5229572425774,16.4947066491699,14.9925770668878,200
"LKS","lksbawq",2021-05-04 08:00:00,"5","Spring","tank",15.17,2.88,10.221,8.68,166.484,2.57846410201305,3.89486841883009,15.47409915239,14.1411907103649,10.8656099579315,10.1719733320386,16.1337684679799,14.211003566208,9.64384012827979,15.2359122118467,13.8450941179741,201
"SAP","sapnawq",2021-07-22 12:20:00,"7","Summer","tank",15.21744,5.40704918032787,28.6850655737705,27.5337704918033,104.41606557377,6.03372365287358,3.90095372953846,14.9545115052949,17.753429282165,18.3112485216109,20.5442340696261,16.6308768143122,18.4357980026084,22.8607437176475,17.7083435218384,18.9197230129069,202
"LKS","lksbawq",2021-05-19 13:25:00,"5","Spring","tank",15.3,4.392,17.601,6.062,153.038,4.26951243046062,3.91152144312159,20.3047558504798,19.2422811497843,15.0883664649448,13.9321101790678,21.8827037828175,19.3276287027389,14.0630670756213,21.5216776858427,19.5761993427788,203
"LKS","lksbawq",2021-05-19 14:26:00,"5","Spring","tank",15.33,3.122,17.6428,7.348,153.924,3.03640668279647,3.91535439009038,14.6929093335795,14.8827804978663,11.4949825798425,10.7341235795935,16.9951272478522,14.9771558530538,10.7585283444227,16.8312048199184,15.2993423261526,204
"SAP","sapnawq",2021-04-29 17:15:00,"4","Spring","tank",15.3548,3.41508196721311,27.9264754098361,25.5083606557377,102.549508196721,3.7726967850606,3.91852012882415,12.567691382369,13.4174634270422,12.2809276175742,11.4351761748805,10.2848166506422,9.44807640789027,12.6785207039127,10.3960334196032,9.66283251811849,205
"NIW","niwolwq",2021-04-11 14:06:00,"4","Spring","tank",15.38544,1.88545020242915,23.8186598778004,19.7563951120163,35.7781262729124,1.97567152856421,3.92242781960357,18.9439174802733,15.9427308304254,8.46510656553698,8.02043940834133,12.7321659109185,11.6960843431991,8.26948168565204,12.7170363516518,11.8201043155718,206
"MAR","marscwq",2021-06-29 10:00:00,"6","Summer","tank",15.4022861864757,0.960327868852459,27.9448196721312,3.40590163934426,8.9088524590164,1.06114703370333,3.92457465038897,10.1887491174167,10.4857113091784,6.50082554253781,8.61414850490842,10.5331619572941,11.8715238938678,8.3276130487,10.477711181868,11.4556598553092,207
"GTM","gtmpcwq",2021-07-16 08:15:00,"7","Summer","tank",15.57,6.98896385542169,14.7797831325301,11.4464096385542,143.481373493976,6.57830068725878,3.94588393138977,15.5841754019351,15.5000043131948,23.9554355455479,26.0193269340542,13.7126120737576,14.4779155285448,24.8889442837396,14.5297779349406,15.0150562358168,208
"SAP","sapnawq",2021-04-29 18:15:00,"4","Spring","tank",15.6502666666667,3.4855737704918,27.7332295081967,20.705737704918,103.175737704918,3.84076489927997,3.9560417928362,11.4846475076533,12.5545809298448,12.4738393281142,11.607100812371,10.4834884048857,9.62851020668913,12.8639749746715,10.5879076080056,9.83970889230758,209
"LKS","lksbawq",2021-07-14 07:30:00,"7","Summer","tank",15.78,1.971,23.08,4.79,70.21,2.04637357644318,3.97240481320824,12.6421204575735,12.808722225459,8.65983093746164,10.877426547444,13.098418385411,14.3452378090013,10.6362450767166,13.4820580244829,14.4394591573953,210
"LKS","lksbawq",2021-05-04 09:00:00,"5","Spring","tank",15.82,2.998,10.728,8.554,164.024,2.69875905199655,3.97743636027027,15.675838191413,14.4110113900293,11.1702807213743,10.4441909930106,16.5509716639985,14.5820692502709,9.93075059704347,15.6472823089127,14.2200727216167,211
"NIW","niwolwq",2021-06-25 12:29:00,"6","Summer","tank",15.82434,1.621034,27.21078,17.10891,24.04313,1.77400941992528,3.97798190041131,18.7584345939526,16.9301285625328,7.87725318901651,10.0638741607283,11.920342310699,13.7257733614507,9.96981445944903,12.0988922551251,13.3557323185073,212
"GTM","gtmpcwq",2021-06-29 12:10:00,"6","Summer","tank",16.02,6.9968281938326,5.94259471365639,12.4662775330397,127.164735682819,5.98988069930387,4.0024992192379,10.5944413193129,11.7493138649182,23.9853863683103,26.0481596335798,13.7380945047752,14.5027268532277,22.7012055485464,12.6433971545094,13.1776310511371,213
"NIW","niwolwq",2021-06-24 09:59:00,"6","Summer","tank",16.03581,2.001538,24.88957,15.00279,13.07503,2.12584201030518,4.00447374819713,18.4045026722376,16.8175013506006,8.72987634929768,10.9499169072844,13.0970316983079,14.9189958348175,10.8347541947872,13.1873495595182,14.4471275947219,214
"NIW","niwolwq",2021-04-10 13:39:00,"4","Spring","tank",16.28319,1.5966875,24.26899375,20.5071666666667,36.9552291666667,1.6825861452585,4.03524348707733,19.0875564064982,15.9132539643927,7.82418924334841,7.44358449530521,11.8469369629482,10.8919196874757,7.63940534358689,11.8237306492915,10.9964715972358,215
"SAP","sapnawq",2021-02-10 20:15:00,"2","Winter","tank",16.28736,3.57577777777778,13.4355944444444,12.6181111111111,42.7063333333333,3.31550509370775,4.03576015144607,8.37108950645162,9.45547293800132,12.7228892751979,10.4435187183264,10.7404884499801,9.57227975021608,10.3738565461597,9.1527444919348,8.59225448429621,216
"LKS","lksbawq",2021-06-30 13:22:00,"6","Summer","tank",16.36,2.85875,24.363625,6.55,81.34875,3.01614201468746,4.04474968323134,16.9437912220324,17.1392039149569,10.811191023382,13.0829723308595,16.0592024213032,17.2672956556874,13.1841490212078,16.7589313387715,17.6687708461993,217
"LKS","lksbawq",2021-05-04 07:00:00,"5","Spring","tank",16.63,3.028,10.3924,8.412,166.176,2.71595258824111,4.07798970082074,15.7958256846272,14.422564725052,11.2484110364115,10.5139719758364,16.6578893692986,14.6771704496497,9.972101686068,15.7065262598079,14.2740769584643,218
"SAP","sapnawq",2021-07-22 20:10:00,"7","Summer","tank",16.82624,3.83816666666667,28.7945166666667,11.2298333333333,30.9241666666667,4.28927326409394,4.10198000970263,16.1468336276168,14.848601602911,13.4613304709882,15.7523047590345,11.5057527250493,13.2754516845038,16.9440244066712,11.8960554454978,13.1323711372184,219
"LKS","lksbawq",2021-06-23 10:24:00,"6","Summer","tank",16.85,3.70571428571429,19.6874285714286,8.99857142857143,84.5785714285714,3.69191411831701,4.10487515035476,20.1116636982774,20.7170801055717,13.0859662151697,15.3768347512568,19.1649342979581,20.3074137863688,15.121214296126,19.2529290106738,20.1115879614283,220
"LKS","lksbawq",2021-06-23 08:25:00,"6","Summer","tank",16.87,3.54714285714286,19.1928571428571,8.75714285714286,84.5414285714286,3.51323184863029,4.10731055558257,19.2778204576111,20.0254101954962,12.643562616371,14.9332803148916,18.5625935818035,19.719487329053,14.5961242531136,18.5766688247558,19.4503012864915,221
"SAP","sapnawq",2021-04-29 12:15:00,"4","Spring","tank",16.9510666666667,4.24901639344262,23.9271475409836,22.5081967213115,39.2649180327869,4.45839851205678,4.11716731098782,15.3302394938421,13.196018991251,14.6594268237055,13.5512630706252,12.7569034160399,11.6919818581481,14.608283229885,12.4091145889744,11.5179595915716,222
"LKS","lksbawq",2021-07-14 08:30:00,"7","Summer","tank",17.13,2.269,23.02,5.047,70.57,2.35401583198407,4.13884041731498,14.0286501314532,14.0962122377894,9.35541436373372,11.5950996117973,14.0586854423053,15.295934271597,11.4149239434978,14.4830216155141,15.4286388049812,223
"NIW","niwolwq",2021-06-15 14:40:00,"6","Summer","tank",17.2,2.27227799227799,28.668222007722,10.8411583011583,21.1386872586872,2.53506413745355,4.14728827066554,17.731332280254,15.656664614007,9.36321515735621,11.6031214718975,13.9680000792702,15.7982878189196,11.8860352051989,14.5123191990792,15.7704626008403,224
"SAP","sapnawq",2021-06-30 11:00:00,"6","Summer","tank",17.37592,3.42,27.61,13.61,59.52,3.76239943922494,4.16844335453896,12.5837498195641,13.8133752431171,12.2943377899137,14.5823264966986,10.298615797649,12.0427144447872,15.3309001593,10.3671594755577,11.5915950727915,225
"MAR","marscwq",2021-07-14 06:48:00,"7","Summer","tank",17.407519625396,2.67923076923077,27.8900769230769,4.84365384615385,66.1182692307692,2.95836740012786,4.17223197166648,14.0277429451928,19.1989727701763,10.3569139595775,12.6205597594823,15.9773878890294,17.2874637287057,13.0246994575487,16.5036336099013,17.4223097586944,226
"NIW","niwolwq",2021-06-17 08:30:00,"6","Summer","tank",17.46024,1.97540469973891,25.4728955613577,15.194908616188,40.0692428198434,2.11374654299973,4.17854520138289,16.4056143204862,16.8334712089714,8.6699166423396,10.8878674582961,13.0144447579638,14.8354540811068,10.8044217635291,13.1491520166056,14.4088957049194,227
"NIW","niwolwq",2021-06-16 12:30:00,"6","Summer","tank",17.57,1.86968416180031,27.8997765567766,14.0237728937729,17.4405494505494,2.06474233722887,4.19165838302694,18.265822911359,15.8659050843728,8.4294622890666,10.6386498085008,12.6830105431448,14.4998852516333,10.6819664545901,12.9949634077394,14.2545193736966,228
"GTM","gtmpcwq",2021-07-13 12:10:00,"7","Summer","tank",17.67,6.23481042654029,11.1738436018957,14.0438862559242,126.282298578199,5.63955924125565,4.20356991139674,11.16779433922,11.9525791713741,21.1702236930032,23.328583212071,11.3788658688336,12.1973125969759,21.4465015806791,11.5825882689538,12.1406339301073,229
"SAP","sapnawq",2021-04-29 11:15:00,"4","Spring","tank",17.774,4.62147540983606,23.3519836065574,17.1962295081967,37.2249180327869,4.81446477914131,4.21592220042069,15.238571279905,13.4879702908869,15.7897039746909,14.5543666744779,13.9469375352815,12.7713366257414,15.6642579061567,13.5246856463031,12.5454924353996,230
"NIW","niwolwq",2021-06-24 11:46:00,"6","Summer","tank",18.11061,1.900987,25.6375,19.09689,27.11752,2.0384107321893,4.25565623611682,19.89053565094,18.7390350956712,8.50030613368092,10.7121400829299,12.7806995523408,14.5988439318028,10.6164553611447,12.9124882835731,14.1719112024525,231
"GTM","gtmpcwq",2021-08-31 09:57:00,"8","Summer","tank",18.2,7.01110389610389,3.82565800865801,5.82705627705628,190.435800865801,5.87478092830777,4.26614580154031,17.0518352643204,13.8170138018406,24.0398022661331,26.1005388487169,13.7844118079823,14.5478197670866,22.2850324830931,12.2897372519024,12.8322337796185,232
"NIW","niwolwq",2021-06-16 09:52:00,"6","Summer","tank",18.29814,1.97953051171207,27.1169438502674,12.6665240641711,32.94064171123,2.16367978712829,4.27763252278641,16.0244789929926,15.5380946967456,8.67936908524326,10.8976518358281,13.0274658613476,14.8486276978774,10.9299164972628,13.3071991656739,14.5670539997927,233
"LKS","lksbawq",2021-07-14 13:30:00,"7","Summer","tank",18.48,2.751,22.91,4.189,69.41,2.8501858348827,4.29883705204094,15.9159388178553,15.7948952175972,10.5373576529443,12.8044275456921,15.6837668608562,16.898200281789,12.7287428421171,16.1729037666656,17.0930463063691,234
"NIW","niwolwq",2021-06-16 15:45:00,"6","Summer","tank",18.50961,2.44913043478261,28.5427877237851,11.8968030690537,20.705652173913,2.72780435014915,4.3022796282901,18.9742937753255,16.7347238037838,9.78889828691147,12.0400244205762,14.5520709385831,16.3862513431444,12.3980391323439,15.1583362963526,16.4138278156196,235
"GTM","gtmpcwq",2021-07-20 08:30:00,"7","Summer","tank",18.55,8.3618556701031,4.96415979381443,18.0569329896907,132.085463917526,7.08746616284648,4.30697109347161,8.40560998866556,9.49267801890314,29.4674934519879,31.2945988248062,18.5195127280384,19.1310951456149,26.8632231165716,16.2678933865859,16.7017448622723,236
"LKS","lksbawq",2021-07-14 11:30:00,"7","Summer","tank",18.63,2.314,22.85,4.789,68.41,2.39564912930686,4.31624837098145,14.2090699998256,14.1714735488369,9.46278700819588,11.7054653682147,14.2066439691656,15.4421464181668,11.5224157735472,14.6212355055537,15.5650220955334,237
"LKS","lksbawq",2021-06-30 14:22:00,"6","Summer","tank",18.66,4.18375,24.457,6.0675,80.84375,4.41929799292898,4.31972221329104,23.9263241447965,23.2042687007298,14.4656887895095,16.7532724438812,21.0389721877771,22.1320601945177,17.3545312614202,22.1306491398362,22.9176630849064,238
"NIW","niwolwq",2021-04-11 15:25:00,"4","Spring","tank",18.76098,1.8790977443609,24.5393032581454,14.5271428571429,40.2138847117794,1.98695798071008,4.33139469455278,15.5030696779679,13.3273700055061,8.45073571645157,8.0075176778201,12.7123487787068,11.6780855383824,8.2942445376859,12.7520871721709,11.8524163694924,239
"LKS","lksbawq",2021-06-23 09:27:00,"6","Summer","tank",18.89,3.43375,19.499,8.24125,84.26125,3.41329988947731,4.34626276242015,18.7840123709294,19.5287492733808,12.3318692259917,14.6200795209813,18.1377632526645,19.3043627895343,14.3065020041219,18.2037271917937,19.0852822872576,240
"NIW","niwolwq",2021-07-09 11:06:00,"7","Summer","tank",18.95649,1.884496,27.70311,19.97791,47.10074,2.07570834026403,4.35390514366126,19.1157786232806,19.1279134468648,8.4629471417635,10.6733923168451,12.7291881953446,14.5466684510316,10.7093084953031,13.0293882590934,14.2889929991185,241
"NIW","niwolwq",2021-06-17 09:45:00,"6","Summer","tank",19.10412,1.93885117493473,26.3137832898172,11.7479373368146,35.625091383812,2.09719927514033,4.37082600889123,14.8927336785938,14.9812986614362,8.58639561404962,10.8013725806903,12.8993658378136,14.7189949228511,10.7629941924026,13.0969854049383,14.3566744167794,242
"LKS","lksbawq",2021-08-31 14:40:00,"8","Summer","tank",19.39,3.054,21.48,7.355,46.03,3.10902620798442,4.4034077712608,19.4834088892293,18.0171089105714,11.3163442277114,13.5953498832541,16.7508298228975,17.9462799265083,13.4425293911438,17.0914778400014,17.9951608470516,243
"LKS","lksbawq",2021-06-30 12:23:00,"6","Summer","tank",20.14,2.76125,23.933,6.35375,76.59125,2.89753107006154,4.48776113446338,16.6389230294927,16.6394625091746,10.5632555899103,12.8307958488808,15.7192900301626,16.9331398233676,12.8578485461877,16.3390268901644,17.2563211937874,244
"GRB","grbsqwq",2021-08-31 09:20:00,"8","Summer","tank",20.41161828125,3.8963,20.22873,2.9843,65.34,3.90698682169098,4.51792189853366,12.1988052656819,14.3197799464421,13.6277537927575,15.9185285942927,12.5911906620544,12.791480843599,15.7655499888364,12.5280702749314,12.6234391869295,245
"LKS","lksbawq",2021-07-14 14:30:00,"7","Summer","tank",20.77,2.523,22.59,4.273,69.59,2.60364261884111,4.55741154604234,14.7959689940353,14.8312466256904,9.96950369992753,12.2249051864935,14.9039811808178,16.1303368887607,12.066972925703,15.3215612097671,16.2553602091034,246
"GTM","gtmpcwq",2021-02-08 09:45:00,"2","Winter","tank",20.79,10.3956092436975,8.37095168067227,6.96598739495798,109.337521008403,9.12641556045426,4.5596052460712,22.6082960143423,20.459326378306,38.6809141722375,32.2831470876307,26.9652350131116,22.8081784816311,29.5495309684729,24.2118649968871,21.6009473601444,247
"LKS","lksbawq",2021-05-04 10:00:00,"5","Spring","tank",20.9,3.278,10.6596,8.838,163.784,2.94864009494487,4.57165178026498,16.6692665999409,15.1554306863047,11.9100860143295,11.1045155724115,17.5622568977018,15.4817013070792,10.5401727189781,16.5193089828132,15.0150052323829,248
"SAP","sapnawq",2021-07-22 19:23:00,"7","Summer","tank",20.98032,4.76131147540984,28.7471967213115,24.2634426229508,28.6716393442623,5.31755414603934,4.58042792760676,19.8526694252636,17.6274052979555,16.2248920882235,18.494975604228,14.4074238827701,16.2094787700658,20.3246736659263,15.1827243900238,16.4162866599883,249
"LKS","lksbawq",2021-04-30 14:45:00,"4","Spring","tank",21.24,2.822,11.8006,7.382,160.226,2.57000098126454,4.60868744872116,14.450996915586,13.6737075292132,10.7174007133861,10.0394890512846,15.930654646453,14.030368333839,9.62381343664335,15.2071773774084,13.8189018615324,250
"SAP","sapnawq",2021-04-29 15:17:00,"4","Spring","tank",21.3638666666667,5.07704918032787,27.4005901639344,30.547868852459,66.6340983606557,5.57000179715698,4.62210630196523,16.1585871911858,13.9614523410274,17.2292682915722,15.8300060676538,15.4746701096433,14.1563313617568,18.0269711540085,16.0508327860876,14.8712080680199,251
"LKS","lksbawq",2021-06-30 07:25:00,"6","Summer","tank",21.4,3.44777777777778,21.7707777777778,8.9,85.4777777777778,3.52236806599612,4.62601340248815,19.6048945234808,19.9951490734412,12.3702178175064,14.6586455289218,18.1900522547225,19.3554782890452,14.6227475857245,18.6109534518761,19.4838454281164,252
"LKS","lksbawq",2021-06-30 08:23:00,"6","Summer","tank",21.45,3.16125,22.002125,8.2725,86.1525,3.2387957930899,4.63141447076376,18.1923155649674,18.749913427028,11.5987304751985,13.8809843766369,17.1369421863459,18.3248144653532,13.8077141787074,17.5615530907809,18.4561660988167,253
"SAP","sapnawq",2021-02-10 19:12:00,"2","Winter","tank",21.51824,3.55577777777778,13.4991333333333,13.1861111111111,43.6924444444444,3.29928530836754,4.63877570054858,8.46944341522617,9.51454537331363,12.6674576130532,10.3971286351019,10.6832379792681,9.5210638991159,10.3340662210366,9.11009019896241,8.55273617014239,254
"LKS","lksbawq",2021-05-04 09:30:00,"5","Spring","tank",21.63,3.406,10.438,8.508,164.738,3.05649317801875,4.65080638169339,17.0241398537582,15.3723687845317,12.2561827331458,11.413119166734,18.0345459253476,15.9019299263165,10.8088165953191,16.9029963124538,15.3647915104916,255
"GTM","gtmpcwq",2021-06-22 12:55:00,"6","Summer","tank",21.77,8.96679723502305,10.3937442396313,13.62133640553,112.483594470046,8.04284917714187,4.66583325891528,14.2847213451362,15.70409211586,32.0772811722797,33.7734956928228,20.866403291587,21.386906423762,30.7710213410964,19.7941643047332,20.1088236870114,256
"GRB","grbgbewq",2021-09-23 09:45:00,"9","Fall","tank",22.04206390625,5.498983,20.97505,3.04661,41.90661,5.56385936637188,4.69489764598228,20.8182466168686,20.3701459049195,18.6185423350748,11.7189183192869,18.0563134777017,17.3810656481604,12.5094362428025,18.1514859455504,17.652215788228,257
"LKS","lksbawq",2021-06-23 11:24:00,"6","Summer","tank",22.1,3.57375,20.300375,9.08625,84.445,3.58663351219303,4.70106370941726,19.8057144850413,20.3323040469307,12.7172636076673,15.0072523374969,18.6629905397855,19.8175341860849,14.8107053358093,18.853009515351,19.7206162948498,258
"LKS","lksbawq",2021-06-23 07:27:00,"6","Summer","tank",22.18,3.38909090909091,18.9968181818182,7.26272727272727,84,3.34891485819018,4.70956473572665,18.1866798080662,19.0691127271199,12.2101784142371,14.4976383687653,17.9717962413457,19.1420806253642,14.1214389902205,17.965448226074,18.8519361752547,259
"LKS","lksbawq",2021-06-30 10:23:00,"6","Summer","tank",22.23,3.265625,22.36,7.619375,84.574375,3.3604657463177,4.71487009365051,18.6007087071315,19.011319406121,11.8768882719319,14.1618131056413,17.5169283491724,18.6969949669817,14.1545512280103,18.0080807132949,18.8936935914553,260
"NIW","niwolwq",2021-06-17 11:00:00,"6","Summer","tank",22.30011,2.13617647058823,27.0080909090909,12.7883689839572,30.7992245989305,2.33158055562381,4.7222992281303,16.7645927377521,16.0873571700029,9.04206252595519,11.2723889885508,13.5266582384789,15.3531192207333,11.3572078090498,13.8455583895419,15.1051936816752,261
"SAP","sapnawq",2021-02-10 18:10:00,"2","Winter","tank",22.45288,3.27611111111111,14.0005388888889,12.9466111111111,38.7150555555556,3.05679900157967,4.73844700297471,8.33651356299785,9.10185052388091,11.9050157981365,9.75925818505382,9.89871259348746,8.81928743496226,9.74831534698684,8.48428484091556,7.97279621629386,262
"NIW","niwolwq",2021-06-16 11:12:00,"6","Summer","tank",22.59138,2.11516049382716,27.5847901234568,14.8277283950617,23.2945925925926,2.32615209214772,4.75303902782209,18.8110276519959,16.9903317748491,8.99297156783873,11.2217454817845,13.4591403543599,15.2849460060495,11.3432647307529,13.8279855017863,15.0876421984186,263
"SAP","sapnawq",2021-02-10 16:09:00,"2","Winter","tank",22.64176,4.05183333333333,16.0240944444444,24.545,67.7325555555555,3.86792654328606,4.75833584354867,11.0657149018124,11.4704398337104,14.0780396244289,11.5782131495526,12.1483695056081,10.8319125118188,11.7747015700027,10.6649621026618,9.99256992508697,264
"NIW","niwolwq",2021-07-09 13:05:00,"7","Summer","tank",22.73901,3.544521,29.57896,33.26989,148.4282,4.0030810665969,4.76854380288155,17.6256433950048,25.9549093679573,12.6363117429624,14.9260010333101,18.4362049914329,20.2673048737744,16.057783457413,19.7872104868719,20.9947881260304,265
"LKS","lksbawq",2021-06-30 11:22:00,"6","Summer","tank",22.95,3.06125,23.27125,7.03625,82.3,3.18588120690557,4.79061582680139,17.8044511497053,18.0788521310934,11.335323602759,13.6145649276865,16.7767920111994,17.971744006597,13.6582162171636,17.3691061575104,18.2674834964249,266
"GTM","gtmpcwq",2021-06-23 12:20:00,"6","Summer","tank",24.16,8.46153034300792,14.0279577836412,10.5872823218997,111.2827176781,7.89750785185794,4.9152822909778,18.8982526829199,19.3289843753791,29.8898831004086,31.6965396874363,18.8965726964666,19.494130845601,30.1594246287055,19.2354255051448,19.5701271686967,267
"LKS","lksbawq",2021-06-30 09:23:00,"6","Summer","tank",24.21,3.18,22.2358571428571,8.41428571428571,85.9085714285714,3.26736245973184,4.92036584005702,18.3887457283558,18.8832194905356,11.6484560796842,13.9312254218433,17.2048961472559,18.3913975363971,13.8887609409809,17.6658889249043,18.5584319506975,268
"NIW","niwolwq",2021-07-09 12:10:00,"7","Summer","tank",24.49062,3.06089,28.35923,34.93301,105.1247,3.40085819143201,4.94879985451018,22.3690809983137,26.8481703415734,11.3343808034044,13.6136104811791,16.6647220780927,18.5029547728884,14.270646706104,17.5245769770816,18.7613557291394,269
"NIW","niwolwq",2021-07-09 14:05:00,"7","Summer","tank",24.49461,3.816597,30.76403,28.76911,147.7401,4.3804667172975,4.94920296613505,16.8776618720423,25.1348858558607,13.3998411818244,15.6908513309118,19.4721074339383,21.2951829089473,17.2314207445529,21.275096256762,22.4583781905929,270
"LKS","lksbawq",2021-05-26 07:26:00,"5","Spring","tank",25.07,4.56636363636364,13.971,11.1818181818182,194.595454545455,4.25927453430717,5.00699510684802,21.201369339633,19.1248396137546,15.6198141834422,14.4036825876575,22.6019019071879,19.9681718015403,14.0338118118245,21.4803644647084,19.5385232579443,271
"GTM","gtmpcwq",2021-06-22 09:25:00,"6","Summer","tank",25.32,9.8686546184739,15.3265220883534,13.755843373494,104.073855421687,9.34630232440379,5.03189825016365,20.2843768750603,20.4525064076581,36.1735638018708,37.6444835086298,24.6250650102559,24.9832713635899,36.5303664876835,25.1626099945815,25.2668936907237,272
"SAP","sapnawq",2021-06-30 15:15:00,"6","Summer","tank",25.48664,5.83,28.42,16.17,41.07,6.48276332338159,5.04842945875249,22.1010724251571,20.9495981327624,19.746163367191,21.9448182098104,18.1736531144515,19.971632554586,24.5268949562872,19.3909780013108,20.5799616784929,273
"LKS","lksbawq",2021-06-23 14:22:00,"6","Summer","tank",25.63,3.83285714285714,21.115,8.48428571428571,82.6071428571429,3.88465488099809,5.06260802353886,21.1008674296163,21.326709285113,13.4461813939931,15.7371664256135,19.654839177809,20.785052511078,15.6980203332634,19.9959508791058,20.8372969964893,274
"LKS","lksbawq",2021-05-26 10:23:00,"5","Spring","tank",25.97,4.89363636363636,14.6000909090909,9.52,194.135454545455,4.59679458034695,5.09607692249636,22.4943062043199,20.243769078121,16.6421522849836,15.3099937088529,23.9832004235892,21.1986351608463,15.0143427021761,22.863282061624,20.7997409535616,275
"SAP","sapnawq",2021-06-30 12:43:00,"6","Summer","tank",26.10392,4.83,28.23,13.55,39.21,5.35726164423928,5.10919954591715,19.0193470040962,18.1967736647388,16.4408264566715,18.7078434957063,14.6363573787946,16.4394905219345,20.4613810841538,15.3176697746741,16.5504378391728,276
"SAP","sapnawq",2021-06-30 14:05:00,"6","Summer","tank",26.91112,6.07,27.83,14.56,35.84,6.69709240406496,5.18759289073458,23.1892906340214,21.9939476499078,20.5844626848009,22.7601055259482,19.0795164811285,20.8704524811599,25.3428182290274,20.2210285265845,21.397016288866,277
"LKS","lksbawq",2021-08-31 13:45:00,"8","Summer","tank",27.06,3.222,21.58,7.893,45.74,3.28405124494011,5.20192272145598,20.4410305451698,18.841094799906,11.7602274034846,14.0440947036674,17.3576009631196,18.5409817759774,13.9362186000073,17.7269854243647,18.6183069055394,278
"LKS","lksbawq",2021-06-23 13:27:00,"6","Summer","tank",27.14,3.97,21.0455714285714,8.24714285714286,84.4471428571429,4.02026806947958,5.20960651105244,21.5514017094291,21.8330150186774,13.8402109312077,16.1305171846236,20.1902072992276,21.3064825399025,16.1103339928549,20.5271751569944,21.3556175927604,279
"LKS","lksbawq",2021-08-31 10:25:00,"8","Summer","tank",27.4,3.647,20.62,8.937,47.11,3.67424224931412,5.23450093132096,21.9085990792241,20.6161264052043,12.9212704028995,15.2118429451346,18.9407842027552,20.0887152580036,15.0688688636064,19.1855074159503,20.0456934172114,280
"SAP","sapnawq",2021-06-30 12:10:00,"6","Summer","tank",27.59288,5.43,28.07,15.29,39.53,6.01000517371129,5.25289253649834,20.7730914911479,19.8411453280288,18.3877233940435,20.6190497880777,16.7128377313828,18.5175613554468,22.774366241111,17.6215890714088,18.8339696331918,281
"MAR","marscwq",2021-05-27 07:04:00,"5","Spring","tank",27.7036220906211,3.21,26.59,3.95,28.81,3.48461462093449,5.26342303929877,19.0541285006805,18.2430708788915,11.7282382817282,10.9422902542987,17.8868250900725,15.8668287320314,11.9085384404416,18.4165628771343,16.7489131388359,282
"SAP","sapnawq",2021-06-30 14:42:00,"6","Summer","tank",27.79816,6.63,28.06,14.17,38.31,7.33721195537708,5.2723960397527,25.5727026395561,24.2044817663462,22.6082641492448,24.7202691976399,21.2788722358126,23.0446324971792,27.8591488902461,22.8036324129912,23.9319343193868,283
"GRB","grbapmwq",2021-09-08 09:15:00,"9","Fall","tank",27.80217421875,5.059333,22.75038,5.736333,74.41617,5.23139857821921,5.27277670859956,18.398512730508,18.3789243037364,17.1721136199497,10.662419882811,16.4593289948166,15.8951320939499,11.6290216075816,16.9397476456806,16.5089921776273,284
"LKS","lksbawq",2021-05-26 08:26:00,"5","Spring","tank",27.98,4.46,13.859125,10.43,195.74625,4.15487898315559,5.28961246217528,20.7642258061324,18.8200484021218,15.2945314264939,14.1150849206544,22.1618003805048,19.576191780264,13.7372356449332,21.0613605116619,19.156412966937,285
"LKS","lksbawq",2021-05-26 12:23:00,"5","Spring","tank",28.34,5.37666666666667,15.5825,8.97,190.875,5.10688282277298,5.32353266168247,24.7889309381591,22.1408240462555,18.2102554779318,16.6981627373835,26.0967453933251,23.0819218860698,16.559028140042,25.0351228675861,22.7806456153635,286
"LKS","lksbawq",2021-06-23 12:30:00,"6","Summer","tank",28.45,3.78142857142857,20.6111428571429,8.80857142857143,84.6014285714286,3.80926848036273,5.33385414123783,20.6823227732417,21.102145041948,13.2998873443478,15.5909116767287,19.4559307493349,20.5911816479104,15.4711295117551,19.7036588102263,20.5519199745404,287
"LKS","lksbawq",2021-08-31 11:23:00,"8","Summer","tank",28.57,3.308,20.79,8.918,46.76,3.33954993874688,5.34509120595711,20.7107491715154,19.3711849158336,11.9907576939926,14.2766288772103,17.6723873992184,18.8491636806738,14.0946216004514,17.9309208874356,18.81811512598,288
"LKS","lksbawq",2021-05-26 14:24:00,"5","Spring","tank",28.98,4.90142857142857,16.143375,8.13875,191.19875,4.68533989894168,5.38330753347791,22.4449427008632,20.7714407663942,16.6668886229795,15.3319095522532,24.0165877856165,21.228380267743,15.2770580939453,23.233220914664,21.1371409926607,289
"MAR","marscwq",2021-05-27 10:03:00,"5","Spring","tank",29.3177248312905,2.82,27.39,6.27,23.59,3.09337617427173,5.41458445601234,18.8070029354881,17.1330954525144,10.7123082023856,10.0349361170783,16.4733048832852,14.6054150606304,10.901461644935,16.9843948447246,15.4430111781088,290
"LKS","lksbawq",2021-08-31 12:50:00,"8","Summer","tank",29.79,3.089,21.29,8.086,46.03,3.13739974280931,5.45802161959808,19.826978020243,18.3611332170846,11.4081157195491,13.688237532984,16.8763502648255,18.0693767577844,13.521957344101,17.1937129560697,18.0954595155927,291
"SAP","sapnawq",2021-07-22 18:10:00,"7","Summer","tank",30.22472,7.12377049180328,29.1869016393443,34.3444262295082,39.0377049180328,8.0030070851778,5.49770133783202,16.7370413794841,15.2439934261897,24.4714265386129,26.5157717998358,23.3176218663604,25.0510317330022,30.6027549167748,25.6544500753878,26.7190498289609,292
"NIW","niwolwq",2021-07-09 15:00:00,"7","Summer","tank",30.55143,3.893251,31.16232,27.04044,123.7384,4.49300771630076,5.52733480078781,18.9877929214686,24.9638212249239,13.6189997503189,15.9097887422099,19.769072037028,21.5893651696842,17.5894256741602,21.7292414172586,22.9043837081732,293
"LKS","lksbawq",2021-05-26 11:27:00,"5","Spring","tank",31.34,4.37333333333333,15.1783333333333,9.055,192.918333333333,4.13491105059751,5.59821400091136,20.0653308659573,18.7996403998954,15.0320168857754,13.8820906369125,21.8063984108875,19.2596735165567,13.6808698143922,20.981687020432,19.0837559145361,294
"GTM","gtmpcwq",2021-06-24 10:20:00,"6","Summer","tank",31.38,12.7394796380091,8.90738235294118,11.4577375565611,104.875203619909,11.2474677393468,5.60178542966437,21.1910404583359,24.4446441110112,50.8513788361367,51.3647500553504,38.6610149542146,38.2912715014002,45.8160294656315,34.1463568294779,33.8449690081423,295
"NIW","niwolwq",2021-07-09 16:17:00,"7","Summer","tank",31.78833,3.753499,30.57997,24.56483,95.11572,4.29719048105192,5.63811404638111,20.9543107880371,24.2721649482904,13.2207739878286,15.5117704707826,19.2293463632775,21.0545400811264,16.9688797247786,20.9421329146576,22.1311733749801,296
"LKS","lksbawq",2021-08-04 11:00:00,"8","Summer","tank",34.23,6.142,23.4,9.263,59.69,6.40231515499129,5.85064099052403,35.2202992168331,32.2489998874745,20.8393506476407,23.0075913117677,29.6282454819522,30.4259182636972,24.2240850637001,30.9936300476598,31.4981396001447,297
"SAP","sapnawq",2021-07-22 17:16:00,"7","Summer","tank",34.5716,6.80114754098361,29.7790491803279,15.5193442622951,46.9275409836066,7.70183549730428,5.87976189994119,26.9760917656555,24.9348271324196,23.2457088341895,25.3354875764779,21.9749710602111,23.7305955727941,29.3457309643183,24.3440942920944,25.4392909172019,298
"NIW","niwolwq",2021-06-25 16:17:00,"6","Summer","tank",36.03768,3.996676,29.82564,44.75871,49.93917,4.52882031241344,6.00313917879637,29.8744118260496,27.2278854869771,13.9175156637267,16.2075928957558,20.173311683637,21.9894873649221,17.7041213918155,21.8747646196209,23.0472305475558,299
"LKS","lksbawq",2021-08-04 13:00:00,"8","Summer","tank",36.28,6.326,23.53,9.198,60.65,6.60481681998864,6.02328813855024,36.3947487156224,33.2660711939828,21.4978564994612,23.6461350406565,30.5106870097938,31.272911318137,24.9899003621189,31.9824950969951,32.4509769864176,300
"MAR","marscwq",2021-05-27 13:55:00,"5","Spring","tank",36.7134003580774,3.66,27.86,6.09,21.71,4.03971404110213,6.0591583869443,23.6655213448213,21.2179157737284,12.9576460004343,12.0380285300502,19.5900978589273,17.3872187032602,13.4137391219745,20.5480220580155,18.6927016765522,301
"LKS","lksbawq",2021-08-04 12:00:00,"8","Summer","tank",39.22,7.613,23.83,8.677,60.79,7.97842603362208,6.26258732474047,45.1261943964404,40.8262919280369,26.3902027366572,28.3568368466141,37.0450289638763,37.5223683418986,30.4991710619206,39.1000733027477,39.2890548149313,302
"LKS","lksbawq",2021-08-04 10:00:00,"8","Summer","tank",39.48,5.106,23.32,9.64,61.31,5.31710413324778,6.283311228962,29.5027512337488,27.2359546938999,17.3228717270117,19.5754557876496,24.9014253786557,25.8740278045705,20.3231269601689,25.9588682324747,26.6337831531785,303
"NIW","niwolwq",2021-06-24 13:29:00,"6","Summer","tank",39.97182,4.10240286909743,27.7294,54.45566,50.69582,4.52022275589919,6.32232710321129,29.6201003099304,27.5018685903008,14.2260205363828,16.5148793816269,20.5907770908615,22.4023122291121,17.6765523055055,21.8397844546475,23.0128966944341,304
"NIW","niwolwq",2021-06-24 14:57:00,"6","Summer","tank",41.97879,4.3765206185567,28.6481726804124,37.9855154639175,62.3304896907216,4.88135410310881,6.47910410473547,25.6479586181309,25.2881198589854,15.0416309678648,17.3250199691958,21.6930505501919,23.490522611341,18.8530625663781,23.3331944150047,24.4770939075208,305
"GTM","gtmpcwq",2021-06-17 12:30:00,"6","Summer","tank",42.63,18.956333938294,11.9133121597096,6.22306715063521,99.3535390199638,17.2847883280478,6.52916533716217,75.4131381932209,76.0973752424367,91.1829741350824,88.3688304519204,79.8605925298192,76.8121293897012,82.2678312079388,71.7494828918422,69.3824281650863,306
"SAP","sapnawq",2021-07-22 16:14:00,"7","Summer","tank",45.6128,8.8355737704918,29.6207868852459,27.6367213114754,76.5272131147541,9.98428555050202,6.75372489815805,20.429950389257,19.7695726613356,31.5017645109339,33.2277514489859,31.1075781894593,32.6551707934527,39.5292965094782,35.130936013686,35.920898566755,307
"NIW","niwolwq",2021-06-25 14:52:00,"6","Summer","tank",46.75482,4.043596,28.85762,62.34971,39.52814,4.52266115398156,6.83774962981243,33.6866134237772,29.1439559212307,14.0540081110631,16.343605880685,20.3580489078703,22.1722190215329,17.6843691362751,21.8497025190778,23.0226316985842,308
"LKS","lksbawq",2021-08-04 09:00:00,"8","Summer","tank",47.06,6.507,22.57,9.7,61.62,6.71332619051705,6.860029154457,35.9540101549266,33.4032824448357,22.1556196079473,24.2827952179326,31.3913750339125,32.1174398216121,25.4051620542422,32.5187625382945,32.9673917927574,309
"GRB","grborwq",2021-09-07 10:55:00,"9","Fall","tank",59.7533825,10.5,22.03123,7.107167,73.8565,10.7614035657443,7.73003120951009,49.827732780674,46.6251897981994,39.1875950601224,27.2486292632047,41.4253716062028,38.9560405669757,30.4500422482618,42.5373000049591,40.5006740999236,310
"GRB","grborwq",2021-09-30 09:15:00,"9","Fall","tank",84.4487659375,21.35933,18.99203,5.338833,41.93517,21.1049312140315,9.18960096726185,140.372329209695,145.698346533939,109.905676989932,83.201547370771,125.106935775342,115.381410756173,89.5119590902647,121.50299962798,113.799415846047,311
