"reserve","model","AICc","R.2","prediction_error","sensor_rfu","rfu_temp_corrected","fdom_qsu","turb","temp","season","X.Intercept.","fdom_qsu.sensor_rfu","fdom_qsu.temp","fdom_qsu.turb","sensor_rfu.temp","sensor_rfu.turb","fdom_qsu.sensor_rfu.turb","df","logLik"
"+","best_AIC",701.99,0.787,25.91,0.234,NA,0.0032,0.1258,0.0246,NA,1.162,0.0013,-6e-04,NA,0.0174,-0.0267,NA,19,-330.686824917669
"+","no_fdom_ols",717.2,0.777,26.43,0.408,NA,NA,0.1101,-0.0244,"+",1.368,NA,NA,NA,0.0108,-0.0242,NA,19,-338.29357681436
NA,"rfu_only",982.22,0.415,49.24,0.389,NA,NA,NA,NA,NA,2.176,NA,NA,NA,NA,NA,NA,3,-488.06986423513
NA,"rfu_season",956.37,0.472,47.81,0.359,NA,NA,NA,NA,"+",1.947,NA,NA,NA,NA,NA,NA,6,-472.045161146293
"+","rfu_reserve",784.1,0.709,30.67,0.437,NA,NA,NA,NA,NA,2.106,NA,NA,NA,NA,NA,NA,12,-379.525818277143
"+","rfu_season_res",775.58,0.723,29.29,0.414,NA,NA,NA,NA,"+",1.734,NA,NA,NA,NA,NA,NA,15,-371.97764986009
NA,"tc_rfu_season",944.79,0.492,46.93,NA,0.381,NA,NA,NA,"+",1.957,NA,NA,NA,NA,NA,NA,6,-466.257152313531
"+","tc_rfu_reserve",777.34,0.715,28.28,NA,0.435,NA,NA,NA,NA,2.067,NA,NA,NA,NA,NA,NA,12,-376.148009015126
"+","tc_rfu_season_res",776.13,0.722,27.95,NA,0.416,NA,NA,NA,"+",1.836,NA,NA,NA,NA,NA,NA,15,-372.253849195502
